e6123145-9665-43e0-8413-cd61b8aa9b13;2022-10-03T07:00:00Z;110.67;110.8;110.97;110.48;37086;
e6123145-9665-43e0-8413-cd61b8aa9b13;2022-10-03T07:01:00Z;110.8;111.18;111.4;110.65;76325;
e6123145-9665-43e0-8413-cd61b8aa9b13;2022-10-03T07:02:00Z;111.07;110.89;111.38;110.86;57445;
e6123145-9665-43e0-8413-cd61b8aa9b13;2022-10-03T07:03:00Z;110.89;110.87;111;110.56;35847;
e6123145-9665-43e0-8413-cd61b8aa9b13;2022-10-03T07:04:00Z;110.89;110.93;110.98;110.69;17766;
e6123145-9665-43e0-8413-cd61b8aa9b13;2022-10-03T07:05:00Z;110.98;111.24;111.28;110.9;32905;
e6123145-9665-43e0-8413-cd61b8aa9b13;2022-10-03T07:06:00Z;111.24;110.98;111.24;110.8;27028;
e6123145-9665-43e0-8413-cd61b8aa9b13;2022-10-03T07:07:00Z;110.94;110.75;110.98;110.65;27152;
e6123145-9665-43e0-8413-cd61b8aa9b13;2022-10-03T07:08:00Z;110.81;110.78;110.89;110.63;24137;
e6123145-9665-43e0-8413-cd61b8aa9b13;2022-10-03T07:09:00Z;110.78;110.73;110.86;110.44;42643;
e6123145-9665-43e0-8413-cd61b8aa9b13;2022-10-03T07:10:00Z;110.73;110.57;110.78;110.49;12945;
e6123145-9665-43e0-8413-cd61b8aa9b13;2022-10-03T07:11:00Z;110.53;110.56;110.75;110.34;44171;
e6123145-9665-43e0-8413-cd61b8aa9b13;2022-10-03T07:12:00Z;110.56;109.97;110.58;109.91;58462;
e6123145-9665-43e0-8413-cd61b8aa9b13;2022-10-03T07:13:00Z;109.96;109.97;110.08;109.56;48841;
e6123145-9665-43e0-8413-cd61b8aa9b13;2022-10-03T07:14:00Z;109.97;109.79;110.22;109.72;26375;
e6123145-9665-43e0-8413-cd61b8aa9b13;2022-10-03T07:15:00Z;109.78;110.06;110.17;109.61;35682;
e6123145-9665-43e0-8413-cd61b8aa9b13;2022-10-03T07:16:00Z;110.06;110.58;110.81;109.92;59540;
e6123145-9665-43e0-8413-cd61b8aa9b13;2022-10-03T07:17:00Z;110.6;110.31;110.67;110.26;12943;
e6123145-9665-43e0-8413-cd61b8aa9b13;2022-10-03T07:18:00Z;110.37;110;110.4;109.99;13935;
e6123145-9665-43e0-8413-cd61b8aa9b13;2022-10-03T07:19:00Z;109.98;110.25;110.38;109.96;11889;
e6123145-9665-43e0-8413-cd61b8aa9b13;2022-10-03T07:20:00Z;110.28;110.52;110.64;110.2;26109;
e6123145-9665-43e0-8413-cd61b8aa9b13;2022-10-03T07:21:00Z;110.52;110.33;110.59;110.2;18015;
e6123145-9665-43e0-8413-cd61b8aa9b13;2022-10-03T07:22:00Z;110.34;110.23;110.46;110.22;9529;
e6123145-9665-43e0-8413-cd61b8aa9b13;2022-10-03T07:23:00Z;110.28;110.3;110.35;110.21;6795;
e6123145-9665-43e0-8413-cd61b8aa9b13;2022-10-03T07:24:00Z;110.3;110.22;110.42;110.22;5795;
e6123145-9665-43e0-8413-cd61b8aa9b13;2022-10-03T07:25:00Z;110.22;110.33;110.45;110.21;10779;
e6123145-9665-43e0-8413-cd61b8aa9b13;2022-10-03T07:26:00Z;110.36;110.23;110.36;110.21;5202;
e6123145-9665-43e0-8413-cd61b8aa9b13;2022-10-03T07:27:00Z;110.23;109.99;110.29;109.95;31567;
e6123145-9665-43e0-8413-cd61b8aa9b13;2022-10-03T07:28:00Z;109.96;109.95;110.11;109.71;21878;
e6123145-9665-43e0-8413-cd61b8aa9b13;2022-10-03T07:29:00Z;110;109.84;110.01;109.75;7740;
e6123145-9665-43e0-8413-cd61b8aa9b13;2022-10-03T07:30:00Z;109.84;110.12;110.25;109.77;28792;
e6123145-9665-43e0-8413-cd61b8aa9b13;2022-10-03T07:31:00Z;110.12;110.14;110.23;109.86;12269;
e6123145-9665-43e0-8413-cd61b8aa9b13;2022-10-03T07:32:00Z;110.14;110.05;110.24;110;9477;
e6123145-9665-43e0-8413-cd61b8aa9b13;2022-10-03T07:33:00Z;110.05;110.09;110.16;110.01;8870;
e6123145-9665-43e0-8413-cd61b8aa9b13;2022-10-03T07:34:00Z;110.15;110.03;110.18;110;5487;
e6123145-9665-43e0-8413-cd61b8aa9b13;2022-10-03T07:35:00Z;110.01;109.95;110.07;109.83;10362;
e6123145-9665-43e0-8413-cd61b8aa9b13;2022-10-03T07:36:00Z;109.95;109.96;110.21;109.92;8753;
e6123145-9665-43e0-8413-cd61b8aa9b13;2022-10-03T07:37:00Z;109.96;109.99;110.01;109.88;5722;
e6123145-9665-43e0-8413-cd61b8aa9b13;2022-10-03T07:38:00Z;109.96;109.9;110.11;109.9;4684;
e6123145-9665-43e0-8413-cd61b8aa9b13;2022-10-03T07:39:00Z;109.9;109.89;110.07;109.8;9426;
e6123145-9665-43e0-8413-cd61b8aa9b13;2022-10-03T07:40:00Z;109.94;109.28;110;109.18;49820;
e6123145-9665-43e0-8413-cd61b8aa9b13;2022-10-03T07:41:00Z;109.28;109.36;109.64;109.21;17803;
e6123145-9665-43e0-8413-cd61b8aa9b13;2022-10-03T07:42:00Z;109.36;109.32;109.5;109.11;43265;
e6123145-9665-43e0-8413-cd61b8aa9b13;2022-10-03T07:43:00Z;109.32;109.3;109.49;109.22;11581;
e6123145-9665-43e0-8413-cd61b8aa9b13;2022-10-03T07:44:00Z;109.33;109.14;109.4;109.08;24395;
e6123145-9665-43e0-8413-cd61b8aa9b13;2022-10-03T07:45:00Z;109.14;109.2;109.33;109;34322;
e6123145-9665-43e0-8413-cd61b8aa9b13;2022-10-03T07:46:00Z;109.23;109.37;109.42;109.1;22806;
e6123145-9665-43e0-8413-cd61b8aa9b13;2022-10-03T07:47:00Z;109.31;109.24;109.46;109.19;15348;
e6123145-9665-43e0-8413-cd61b8aa9b13;2022-10-03T07:48:00Z;109.23;109.48;109.48;109.12;8791;
e6123145-9665-43e0-8413-cd61b8aa9b13;2022-10-03T07:49:00Z;109.48;109.48;109.66;109.27;20305;
e6123145-9665-43e0-8413-cd61b8aa9b13;2022-10-03T07:50:00Z;109.48;109.61;109.68;109.46;9460;
e6123145-9665-43e0-8413-cd61b8aa9b13;2022-10-03T07:51:00Z;109.65;109.39;109.7;109.38;11445;
e6123145-9665-43e0-8413-cd61b8aa9b13;2022-10-03T07:52:00Z;109.39;109.59;109.6;109.39;4893;
e6123145-9665-43e0-8413-cd61b8aa9b13;2022-10-03T07:53:00Z;109.54;109.26;109.59;109.14;13651;
e6123145-9665-43e0-8413-cd61b8aa9b13;2022-10-03T07:54:00Z;109.26;109.27;109.39;109.21;3585;
e6123145-9665-43e0-8413-cd61b8aa9b13;2022-10-03T07:55:00Z;109.33;109.67;109.67;109.25;11848;
e6123145-9665-43e0-8413-cd61b8aa9b13;2022-10-03T07:56:00Z;109.67;109.7;109.97;109.4;32248;
e6123145-9665-43e0-8413-cd61b8aa9b13;2022-10-03T07:57:00Z;109.69;109.63;109.79;109.62;4330;
e6123145-9665-43e0-8413-cd61b8aa9b13;2022-10-03T07:58:00Z;109.69;109.74;109.86;109.59;5360;
e6123145-9665-43e0-8413-cd61b8aa9b13;2022-10-03T07:59:00Z;109.74;109.78;109.79;109.6;10149;
e6123145-9665-43e0-8413-cd61b8aa9b13;2022-10-03T08:00:00Z;109.72;109.8;109.97;109.67;7480;
e6123145-9665-43e0-8413-cd61b8aa9b13;2022-10-03T08:01:00Z;109.85;109.67;109.87;109.64;8585;
e6123145-9665-43e0-8413-cd61b8aa9b13;2022-10-03T08:02:00Z;109.67;110.16;110.37;109.66;53986;
e6123145-9665-43e0-8413-cd61b8aa9b13;2022-10-03T08:03:00Z;110.16;110.03;110.2;109.86;10693;
e6123145-9665-43e0-8413-cd61b8aa9b13;2022-10-03T08:04:00Z;110.03;109.99;110.17;109.91;11012;
e6123145-9665-43e0-8413-cd61b8aa9b13;2022-10-03T08:05:00Z;109.95;109.98;110.2;109.84;17107;
e6123145-9665-43e0-8413-cd61b8aa9b13;2022-10-03T08:06:00Z;109.93;110.17;110.2;109.86;15155;
e6123145-9665-43e0-8413-cd61b8aa9b13;2022-10-03T08:07:00Z;110.17;110.21;110.3;110.12;13649;
e6123145-9665-43e0-8413-cd61b8aa9b13;2022-10-03T08:08:00Z;110.16;110.1;110.32;110.1;9450;
e6123145-9665-43e0-8413-cd61b8aa9b13;2022-10-03T08:09:00Z;110.1;110.27;110.3;110.03;12447;
e6123145-9665-43e0-8413-cd61b8aa9b13;2022-10-03T08:10:00Z;110.27;110.13;110.33;110.11;8482;
e6123145-9665-43e0-8413-cd61b8aa9b13;2022-10-03T08:11:00Z;110.16;110.11;110.24;110.03;4897;
e6123145-9665-43e0-8413-cd61b8aa9b13;2022-10-03T08:12:00Z;110.06;110.18;110.25;110.04;10336;
e6123145-9665-43e0-8413-cd61b8aa9b13;2022-10-03T08:13:00Z;110.24;110.14;110.25;110.04;15273;
e6123145-9665-43e0-8413-cd61b8aa9b13;2022-10-03T08:14:00Z;110.18;110.07;110.22;110.07;2816;
e6123145-9665-43e0-8413-cd61b8aa9b13;2022-10-03T08:15:00Z;110.07;110.17;110.17;110.03;3525;
e6123145-9665-43e0-8413-cd61b8aa9b13;2022-10-03T08:16:00Z;110.16;110.13;110.18;110.12;1833;
e6123145-9665-43e0-8413-cd61b8aa9b13;2022-10-03T08:17:00Z;110.13;110.41;110.42;110.1;34788;
e6123145-9665-43e0-8413-cd61b8aa9b13;2022-10-03T08:18:00Z;110.42;110.35;110.42;110.32;10174;
e6123145-9665-43e0-8413-cd61b8aa9b13;2022-10-03T08:19:00Z;110.38;110.38;110.4;110.24;10837;
e6123145-9665-43e0-8413-cd61b8aa9b13;2022-10-03T08:20:00Z;110.38;110.29;110.42;110.21;29316;
e6123145-9665-43e0-8413-cd61b8aa9b13;2022-10-03T08:21:00Z;110.29;110.2;110.34;110.08;8703;
e6123145-9665-43e0-8413-cd61b8aa9b13;2022-10-03T08:22:00Z;110.2;110.16;110.23;110.12;1943;
e6123145-9665-43e0-8413-cd61b8aa9b13;2022-10-03T08:23:00Z;110.13;110.27;110.3;110.1;3548;
e6123145-9665-43e0-8413-cd61b8aa9b13;2022-10-03T08:24:00Z;110.26;110.34;110.38;110.22;5228;
e6123145-9665-43e0-8413-cd61b8aa9b13;2022-10-03T08:25:00Z;110.34;110.36;110.4;110.28;4668;
e6123145-9665-43e0-8413-cd61b8aa9b13;2022-10-03T08:26:00Z;110.36;110.14;110.39;110.14;7292;
e6123145-9665-43e0-8413-cd61b8aa9b13;2022-10-03T08:27:00Z;110.15;110.15;110.21;110.06;5622;
e6123145-9665-43e0-8413-cd61b8aa9b13;2022-10-03T08:28:00Z;110.15;110.2;110.32;110.11;5839;
e6123145-9665-43e0-8413-cd61b8aa9b13;2022-10-03T08:29:00Z;110.2;110.06;110.2;109.98;11351;
e6123145-9665-43e0-8413-cd61b8aa9b13;2022-10-03T08:30:00Z;110.12;110.04;110.14;109.97;3996;
e6123145-9665-43e0-8413-cd61b8aa9b13;2022-10-03T08:31:00Z;110;109.91;110.04;109.77;17084;
e6123145-9665-43e0-8413-cd61b8aa9b13;2022-10-03T08:32:00Z;109.91;109.9;109.99;109.83;7592;
e6123145-9665-43e0-8413-cd61b8aa9b13;2022-10-03T08:33:00Z;109.85;109.82;109.9;109.77;4472;
e6123145-9665-43e0-8413-cd61b8aa9b13;2022-10-03T08:34:00Z;109.88;109.92;110;109.82;3485;
e6123145-9665-43e0-8413-cd61b8aa9b13;2022-10-03T08:35:00Z;109.94;110.08;110.11;109.9;6055;
e6123145-9665-43e0-8413-cd61b8aa9b13;2022-10-03T08:36:00Z;110.08;109.9;110.12;109.9;6052;
e6123145-9665-43e0-8413-cd61b8aa9b13;2022-10-03T08:37:00Z;109.95;109.9;109.96;109.84;2708;
e6123145-9665-43e0-8413-cd61b8aa9b13;2022-10-03T08:38:00Z;109.85;110.07;110.17;109.85;8446;
e6123145-9665-43e0-8413-cd61b8aa9b13;2022-10-03T08:39:00Z;110.12;110.19;110.23;110.07;6833;
e6123145-9665-43e0-8413-cd61b8aa9b13;2022-10-03T08:40:00Z;110.18;110.05;110.18;110;1934;
e6123145-9665-43e0-8413-cd61b8aa9b13;2022-10-03T08:41:00Z;110.05;110.05;110.1;109.96;2156;
e6123145-9665-43e0-8413-cd61b8aa9b13;2022-10-03T08:42:00Z;110.02;110.07;110.07;110.02;737;
e6123145-9665-43e0-8413-cd61b8aa9b13;2022-10-03T08:43:00Z;110.07;110.18;110.29;110.05;4962;
e6123145-9665-43e0-8413-cd61b8aa9b13;2022-10-03T08:44:00Z;110.21;110.2;110.25;110.07;5171;
e6123145-9665-43e0-8413-cd61b8aa9b13;2022-10-03T08:45:00Z;110.2;110.25;110.26;110.15;2792;
e6123145-9665-43e0-8413-cd61b8aa9b13;2022-10-03T08:46:00Z;110.25;110.35;110.35;110.24;8928;
e6123145-9665-43e0-8413-cd61b8aa9b13;2022-10-03T08:47:00Z;110.35;110.41;110.41;110.27;8345;
e6123145-9665-43e0-8413-cd61b8aa9b13;2022-10-03T08:48:00Z;110.4;110.49;110.49;110.38;16727;
e6123145-9665-43e0-8413-cd61b8aa9b13;2022-10-03T08:49:00Z;110.49;110.41;110.49;110.32;5878;
e6123145-9665-43e0-8413-cd61b8aa9b13;2022-10-03T08:50:00Z;110.4;110.33;110.44;110.3;5072;
e6123145-9665-43e0-8413-cd61b8aa9b13;2022-10-03T08:51:00Z;110.37;110.25;110.47;110.22;22578;
e6123145-9665-43e0-8413-cd61b8aa9b13;2022-10-03T08:52:00Z;110.25;110.35;110.35;110.2;5174;
e6123145-9665-43e0-8413-cd61b8aa9b13;2022-10-03T08:53:00Z;110.31;110.4;110.48;110.29;9995;
e6123145-9665-43e0-8413-cd61b8aa9b13;2022-10-03T08:54:00Z;110.41;110.39;110.45;110.35;3321;
e6123145-9665-43e0-8413-cd61b8aa9b13;2022-10-03T08:55:00Z;110.39;109.96;110.4;109.33;98578;
e6123145-9665-43e0-8413-cd61b8aa9b13;2022-10-03T08:56:00Z;109.9;109.93;109.99;109.85;6538;
e6123145-9665-43e0-8413-cd61b8aa9b13;2022-10-03T08:57:00Z;109.97;110.06;110.13;109.97;5522;
e6123145-9665-43e0-8413-cd61b8aa9b13;2022-10-03T08:58:00Z;110.06;109.99;110.07;109.93;3667;
e6123145-9665-43e0-8413-cd61b8aa9b13;2022-10-03T08:59:00Z;109.98;109.83;109.98;109.7;8391;
e6123145-9665-43e0-8413-cd61b8aa9b13;2022-10-03T09:00:00Z;109.83;110;110;109.73;7243;
e6123145-9665-43e0-8413-cd61b8aa9b13;2022-10-03T09:01:00Z;109.98;110.02;110.05;109.91;4137;
e6123145-9665-43e0-8413-cd61b8aa9b13;2022-10-03T09:02:00Z;110.02;109.94;110.05;109.94;7000;
e6123145-9665-43e0-8413-cd61b8aa9b13;2022-10-03T09:03:00Z;109.94;110.05;110.06;109.91;2953;
e6123145-9665-43e0-8413-cd61b8aa9b13;2022-10-03T09:04:00Z;110.06;110;110.14;109.97;3475;
e6123145-9665-43e0-8413-cd61b8aa9b13;2022-10-03T09:05:00Z;110.02;110.16;110.2;110.02;7778;
e6123145-9665-43e0-8413-cd61b8aa9b13;2022-10-03T09:06:00Z;110.2;110;110.2;109.95;6032;
e6123145-9665-43e0-8413-cd61b8aa9b13;2022-10-03T09:07:00Z;110;110.07;110.07;109.9;4231;
e6123145-9665-43e0-8413-cd61b8aa9b13;2022-10-03T09:08:00Z;110.07;110.02;110.09;110;1899;
e6123145-9665-43e0-8413-cd61b8aa9b13;2022-10-03T09:09:00Z;110.07;109.97;110.07;109.97;1807;
e6123145-9665-43e0-8413-cd61b8aa9b13;2022-10-03T09:10:00Z;110;110.04;110.06;109.97;2624;
e6123145-9665-43e0-8413-cd61b8aa9b13;2022-10-03T09:11:00Z;110;109.99;110.04;109.94;2019;
e6123145-9665-43e0-8413-cd61b8aa9b13;2022-10-03T09:12:00Z;109.98;110;110;109.91;2533;
e6123145-9665-43e0-8413-cd61b8aa9b13;2022-10-03T09:13:00Z;110;110.1;110.1;109.95;2868;
e6123145-9665-43e0-8413-cd61b8aa9b13;2022-10-03T09:14:00Z;110.09;110.08;110.1;110.02;593;
e6123145-9665-43e0-8413-cd61b8aa9b13;2022-10-03T09:15:00Z;110.03;110.06;110.07;110;853;
e6123145-9665-43e0-8413-cd61b8aa9b13;2022-10-03T09:16:00Z;110.06;109.98;110.06;109.98;1521;
e6123145-9665-43e0-8413-cd61b8aa9b13;2022-10-03T09:17:00Z;110.03;110.07;110.1;109.98;2274;
e6123145-9665-43e0-8413-cd61b8aa9b13;2022-10-03T09:18:00Z;110.05;110.1;110.16;110.05;2851;
e6123145-9665-43e0-8413-cd61b8aa9b13;2022-10-03T09:19:00Z;110.11;110.12;110.18;110.09;2876;
e6123145-9665-43e0-8413-cd61b8aa9b13;2022-10-03T09:20:00Z;110.12;110.26;110.26;110.11;7294;
e6123145-9665-43e0-8413-cd61b8aa9b13;2022-10-03T09:21:00Z;110.26;110.25;110.3;110.18;5794;
e6123145-9665-43e0-8413-cd61b8aa9b13;2022-10-03T09:22:00Z;110.28;110.29;110.3;110.2;5407;
e6123145-9665-43e0-8413-cd61b8aa9b13;2022-10-03T09:23:00Z;110.26;110.28;110.32;110.22;8174;
e6123145-9665-43e0-8413-cd61b8aa9b13;2022-10-03T09:24:00Z;110.23;110.09;110.3;110.09;13388;
e6123145-9665-43e0-8413-cd61b8aa9b13;2022-10-03T09:25:00Z;110.09;110.33;110.33;110.09;6890;
e6123145-9665-43e0-8413-cd61b8aa9b13;2022-10-03T09:26:00Z;110.33;110.19;110.33;109.96;14533;
e6123145-9665-43e0-8413-cd61b8aa9b13;2022-10-03T09:27:00Z;110.14;110.16;110.23;110.13;2502;
e6123145-9665-43e0-8413-cd61b8aa9b13;2022-10-03T09:28:00Z;110.16;110.2;110.22;110.08;1567;
e6123145-9665-43e0-8413-cd61b8aa9b13;2022-10-03T09:29:00Z;110.2;110.24;110.24;110.13;1771;
e6123145-9665-43e0-8413-cd61b8aa9b13;2022-10-03T09:30:00Z;110.24;110.2;110.3;110.2;2945;
e6123145-9665-43e0-8413-cd61b8aa9b13;2022-10-03T09:31:00Z;110.2;110.17;110.21;110.15;1100;
e6123145-9665-43e0-8413-cd61b8aa9b13;2022-10-03T09:32:00Z;110.16;110.3;110.32;110.16;5559;
e6123145-9665-43e0-8413-cd61b8aa9b13;2022-10-03T09:33:00Z;110.29;110.26;110.32;110.26;2586;
e6123145-9665-43e0-8413-cd61b8aa9b13;2022-10-03T09:34:00Z;110.26;110.31;110.31;110.21;3546;
e6123145-9665-43e0-8413-cd61b8aa9b13;2022-10-03T09:35:00Z;110.3;110.29;110.32;110.25;5256;
e6123145-9665-43e0-8413-cd61b8aa9b13;2022-10-03T09:36:00Z;110.29;110.3;110.3;110.23;1377;
e6123145-9665-43e0-8413-cd61b8aa9b13;2022-10-03T09:37:00Z;110.31;110.25;110.32;110.22;7293;
e6123145-9665-43e0-8413-cd61b8aa9b13;2022-10-03T09:38:00Z;110.3;110.32;110.33;110.25;5713;
e6123145-9665-43e0-8413-cd61b8aa9b13;2022-10-03T09:39:00Z;110.32;110.32;110.33;110.31;7685;
e6123145-9665-43e0-8413-cd61b8aa9b13;2022-10-03T09:40:00Z;110.32;110.3;110.33;110.26;11023;
e6123145-9665-43e0-8413-cd61b8aa9b13;2022-10-03T09:41:00Z;110.3;110.4;110.4;110.28;18589;
e6123145-9665-43e0-8413-cd61b8aa9b13;2022-10-03T09:42:00Z;110.4;110.4;110.46;110.39;8476;
e6123145-9665-43e0-8413-cd61b8aa9b13;2022-10-03T09:43:00Z;110.4;110.47;110.5;110.4;19263;
e6123145-9665-43e0-8413-cd61b8aa9b13;2022-10-03T09:44:00Z;110.48;110.47;110.49;110.41;4345;
e6123145-9665-43e0-8413-cd61b8aa9b13;2022-10-03T09:45:00Z;110.47;110.34;110.48;110.32;12710;
e6123145-9665-43e0-8413-cd61b8aa9b13;2022-10-03T09:46:00Z;110.38;110.33;110.43;110.3;5855;
e6123145-9665-43e0-8413-cd61b8aa9b13;2022-10-03T09:47:00Z;110.34;110.37;110.41;110.31;1673;
e6123145-9665-43e0-8413-cd61b8aa9b13;2022-10-03T09:48:00Z;110.37;110.36;110.37;110.33;1511;
e6123145-9665-43e0-8413-cd61b8aa9b13;2022-10-03T09:49:00Z;110.36;110.39;110.45;110.36;2945;
e6123145-9665-43e0-8413-cd61b8aa9b13;2022-10-03T09:50:00Z;110.4;110.41;110.45;110.37;1495;
e6123145-9665-43e0-8413-cd61b8aa9b13;2022-10-03T09:51:00Z;110.44;110.35;110.45;110.35;4196;
e6123145-9665-43e0-8413-cd61b8aa9b13;2022-10-03T09:52:00Z;110.35;110.4;110.41;110.34;3903;
e6123145-9665-43e0-8413-cd61b8aa9b13;2022-10-03T09:53:00Z;110.4;110.25;110.4;110.24;8884;
e6123145-9665-43e0-8413-cd61b8aa9b13;2022-10-03T09:54:00Z;110.24;110.1;110.25;110.1;11552;
e6123145-9665-43e0-8413-cd61b8aa9b13;2022-10-03T09:55:00Z;110.1;110.3;110.34;110.1;6990;
e6123145-9665-43e0-8413-cd61b8aa9b13;2022-10-03T09:56:00Z;110.3;110.23;110.31;110.18;2771;
e6123145-9665-43e0-8413-cd61b8aa9b13;2022-10-03T09:57:00Z;110.23;110.12;110.25;110.12;3107;
e6123145-9665-43e0-8413-cd61b8aa9b13;2022-10-03T09:58:00Z;110.12;110.17;110.18;110.1;1609;
e6123145-9665-43e0-8413-cd61b8aa9b13;2022-10-03T09:59:00Z;110.18;110.28;110.28;110.18;1405;
e6123145-9665-43e0-8413-cd61b8aa9b13;2022-10-03T10:00:00Z;110.28;110.4;110.44;110.25;4826;
e6123145-9665-43e0-8413-cd61b8aa9b13;2022-10-03T10:01:00Z;110.42;110.35;110.42;110.31;3914;
e6123145-9665-43e0-8413-cd61b8aa9b13;2022-10-03T10:02:00Z;110.32;110.46;110.46;110.32;3910;
e6123145-9665-43e0-8413-cd61b8aa9b13;2022-10-03T10:03:00Z;110.41;110.41;110.47;110.4;3574;
e6123145-9665-43e0-8413-cd61b8aa9b13;2022-10-03T10:04:00Z;110.41;110.44;110.47;110.41;1821;
e6123145-9665-43e0-8413-cd61b8aa9b13;2022-10-03T10:05:00Z;110.47;110.42;110.47;110.31;6367;
e6123145-9665-43e0-8413-cd61b8aa9b13;2022-10-03T10:06:00Z;110.4;110.42;110.43;110.36;2384;
e6123145-9665-43e0-8413-cd61b8aa9b13;2022-10-03T10:07:00Z;110.43;110.38;110.44;110.35;3818;
e6123145-9665-43e0-8413-cd61b8aa9b13;2022-10-03T10:08:00Z;110.42;110.42;110.45;110.38;2489;
e6123145-9665-43e0-8413-cd61b8aa9b13;2022-10-03T10:09:00Z;110.42;110.47;110.49;110.39;5047;
e6123145-9665-43e0-8413-cd61b8aa9b13;2022-10-03T10:10:00Z;110.47;111.03;111.1;110.47;132139;
e6123145-9665-43e0-8413-cd61b8aa9b13;2022-10-03T10:11:00Z;111.04;111.25;111.29;111.01;49680;
e6123145-9665-43e0-8413-cd61b8aa9b13;2022-10-03T10:12:00Z;111.25;111.34;111.66;111.25;75551;
e6123145-9665-43e0-8413-cd61b8aa9b13;2022-10-03T10:13:00Z;111.3;111.17;111.4;111.1;32688;
e6123145-9665-43e0-8413-cd61b8aa9b13;2022-10-03T10:14:00Z;111.17;111.27;111.39;111.12;15610;
e6123145-9665-43e0-8413-cd61b8aa9b13;2022-10-03T10:15:00Z;111.23;111.38;111.39;111.23;16786;
e6123145-9665-43e0-8413-cd61b8aa9b13;2022-10-03T10:16:00Z;111.38;111.75;111.78;111.38;59095;
e6123145-9665-43e0-8413-cd61b8aa9b13;2022-10-03T10:17:00Z;111.75;111.5;111.78;111.44;40450;
e6123145-9665-43e0-8413-cd61b8aa9b13;2022-10-03T10:18:00Z;111.5;111.67;111.78;111.4;28299;
e6123145-9665-43e0-8413-cd61b8aa9b13;2022-10-03T10:19:00Z;111.67;112.06;112.19;111.62;73398;
e6123145-9665-43e0-8413-cd61b8aa9b13;2022-10-03T10:20:00Z;112.08;111.88;112.19;111.7;65650;
e6123145-9665-43e0-8413-cd61b8aa9b13;2022-10-03T10:21:00Z;111.88;111.86;112;111.8;12006;
e6123145-9665-43e0-8413-cd61b8aa9b13;2022-10-03T10:22:00Z;111.84;111.78;111.86;111.7;21070;
e6123145-9665-43e0-8413-cd61b8aa9b13;2022-10-03T10:23:00Z;111.8;111.84;111.9;111.59;29112;
e6123145-9665-43e0-8413-cd61b8aa9b13;2022-10-03T10:24:00Z;111.84;111.75;111.88;111.72;12686;
e6123145-9665-43e0-8413-cd61b8aa9b13;2022-10-03T10:25:00Z;111.75;111.74;111.76;111.53;24105;
e6123145-9665-43e0-8413-cd61b8aa9b13;2022-10-03T10:26:00Z;111.68;111.81;111.89;111.66;20062;
e6123145-9665-43e0-8413-cd61b8aa9b13;2022-10-03T10:27:00Z;111.86;111.86;111.86;111.7;8050;
e6123145-9665-43e0-8413-cd61b8aa9b13;2022-10-03T10:28:00Z;111.86;111.78;111.86;111.76;8181;
e6123145-9665-43e0-8413-cd61b8aa9b13;2022-10-03T10:29:00Z;111.76;111.85;111.85;111.74;10459;
e6123145-9665-43e0-8413-cd61b8aa9b13;2022-10-03T10:30:00Z;111.85;111.92;112;111.82;42411;
e6123145-9665-43e0-8413-cd61b8aa9b13;2022-10-03T10:31:00Z;111.9;112;112;111.9;81988;
e6123145-9665-43e0-8413-cd61b8aa9b13;2022-10-03T10:32:00Z;112;111.8;112;111.78;32708;
e6123145-9665-43e0-8413-cd61b8aa9b13;2022-10-03T10:33:00Z;111.8;111.87;111.99;111.8;21478;
e6123145-9665-43e0-8413-cd61b8aa9b13;2022-10-03T10:34:00Z;111.87;111.98;112;111.86;24936;
e6123145-9665-43e0-8413-cd61b8aa9b13;2022-10-03T10:35:00Z;111.99;112.05;112.2;111.96;54039;
e6123145-9665-43e0-8413-cd61b8aa9b13;2022-10-03T10:36:00Z;112;111.7;112;111.6;32232;
e6123145-9665-43e0-8413-cd61b8aa9b13;2022-10-03T10:37:00Z;111.7;111.68;111.73;111.58;15885;
e6123145-9665-43e0-8413-cd61b8aa9b13;2022-10-03T10:38:00Z;111.67;111.6;111.8;111.55;15898;
e6123145-9665-43e0-8413-cd61b8aa9b13;2022-10-03T10:39:00Z;111.55;111.61;111.67;111.5;14492;
e6123145-9665-43e0-8413-cd61b8aa9b13;2022-10-03T10:40:00Z;111.63;111.69;111.78;111.55;11948;
e6123145-9665-43e0-8413-cd61b8aa9b13;2022-10-03T10:41:00Z;111.69;111.66;111.7;111.6;3683;
e6123145-9665-43e0-8413-cd61b8aa9b13;2022-10-03T10:42:00Z;111.68;111.73;111.86;111.65;10593;
e6123145-9665-43e0-8413-cd61b8aa9b13;2022-10-03T10:43:00Z;111.73;111.76;111.81;111.67;4641;
e6123145-9665-43e0-8413-cd61b8aa9b13;2022-10-03T10:44:00Z;111.7;111.8;111.85;111.69;4565;
e6123145-9665-43e0-8413-cd61b8aa9b13;2022-10-03T10:45:00Z;111.8;111.91;111.97;111.8;15921;
e6123145-9665-43e0-8413-cd61b8aa9b13;2022-10-03T10:46:00Z;111.91;112.04;112.1;111.83;24394;
e6123145-9665-43e0-8413-cd61b8aa9b13;2022-10-03T10:47:00Z;112.07;111.9;112.1;111.85;11390;
e6123145-9665-43e0-8413-cd61b8aa9b13;2022-10-03T10:48:00Z;111.92;111.99;112.03;111.9;11801;
e6123145-9665-43e0-8413-cd61b8aa9b13;2022-10-03T10:49:00Z;111.99;111.94;112.05;111.9;5292;
e6123145-9665-43e0-8413-cd61b8aa9b13;2022-10-03T10:50:00Z;111.94;111.81;111.95;111.75;9689;
e6123145-9665-43e0-8413-cd61b8aa9b13;2022-10-03T10:51:00Z;111.81;111.9;111.91;111.78;2821;
e6123145-9665-43e0-8413-cd61b8aa9b13;2022-10-03T10:52:00Z;111.9;111.96;112;111.87;3131;
e6123145-9665-43e0-8413-cd61b8aa9b13;2022-10-03T10:53:00Z;111.94;111.75;111.98;111.75;8662;
e6123145-9665-43e0-8413-cd61b8aa9b13;2022-10-03T10:54:00Z;111.75;111.77;111.92;111.69;10401;
e6123145-9665-43e0-8413-cd61b8aa9b13;2022-10-03T10:55:00Z;111.77;111.74;111.8;111.63;6344;
e6123145-9665-43e0-8413-cd61b8aa9b13;2022-10-03T10:56:00Z;111.69;111.7;111.8;111.68;2853;
e6123145-9665-43e0-8413-cd61b8aa9b13;2022-10-03T10:57:00Z;111.7;111.83;111.88;111.7;6772;
e6123145-9665-43e0-8413-cd61b8aa9b13;2022-10-03T10:58:00Z;111.87;112;112;111.85;6026;
e6123145-9665-43e0-8413-cd61b8aa9b13;2022-10-03T10:59:00Z;111.98;111.85;111.99;111.84;5522;
e6123145-9665-43e0-8413-cd61b8aa9b13;2022-10-03T11:00:00Z;111.86;111.84;111.92;111.8;1713;
e6123145-9665-43e0-8413-cd61b8aa9b13;2022-10-03T11:01:00Z;111.84;111.8;111.88;111.79;2344;
e6123145-9665-43e0-8413-cd61b8aa9b13;2022-10-03T11:02:00Z;111.83;111.77;111.83;111.69;3144;
e6123145-9665-43e0-8413-cd61b8aa9b13;2022-10-03T11:03:00Z;111.77;111.97;111.98;111.77;4202;
e6123145-9665-43e0-8413-cd61b8aa9b13;2022-10-03T11:04:00Z;111.96;112.3;112.3;111.9;28999;
e6123145-9665-43e0-8413-cd61b8aa9b13;2022-10-03T11:05:00Z;112.3;112.63;112.7;112.23;80012;
e6123145-9665-43e0-8413-cd61b8aa9b13;2022-10-03T11:06:00Z;112.63;112.49;112.66;112.36;21623;
e6123145-9665-43e0-8413-cd61b8aa9b13;2022-10-03T11:07:00Z;112.49;112.39;112.58;112.38;12515;
e6123145-9665-43e0-8413-cd61b8aa9b13;2022-10-03T11:08:00Z;112.42;112.43;112.66;112.37;13017;
e6123145-9665-43e0-8413-cd61b8aa9b13;2022-10-03T11:09:00Z;112.43;112.47;112.5;112.42;2721;
e6123145-9665-43e0-8413-cd61b8aa9b13;2022-10-03T11:10:00Z;112.46;112.47;112.64;112.35;18752;
e6123145-9665-43e0-8413-cd61b8aa9b13;2022-10-03T11:11:00Z;112.47;112.25;112.49;112.23;18015;
e6123145-9665-43e0-8413-cd61b8aa9b13;2022-10-03T11:12:00Z;112.25;112.33;112.38;112.23;5160;
e6123145-9665-43e0-8413-cd61b8aa9b13;2022-10-03T11:13:00Z;112.33;112.27;112.35;112.24;3758;
e6123145-9665-43e0-8413-cd61b8aa9b13;2022-10-03T11:14:00Z;112.28;112.4;112.48;112.24;6419;
e6123145-9665-43e0-8413-cd61b8aa9b13;2022-10-03T11:15:00Z;112.4;112.41;112.5;112.33;12287;
e6123145-9665-43e0-8413-cd61b8aa9b13;2022-10-03T11:16:00Z;112.4;112.48;112.49;112.39;8161;
e6123145-9665-43e0-8413-cd61b8aa9b13;2022-10-03T11:17:00Z;112.46;112.54;112.65;112.42;22125;
e6123145-9665-43e0-8413-cd61b8aa9b13;2022-10-03T11:18:00Z;112.53;112.57;112.7;112.51;16317;
e6123145-9665-43e0-8413-cd61b8aa9b13;2022-10-03T11:19:00Z;112.56;112.3;112.6;112.3;19197;
e6123145-9665-43e0-8413-cd61b8aa9b13;2022-10-03T11:20:00Z;112.3;112.53;112.6;112.29;9830;
e6123145-9665-43e0-8413-cd61b8aa9b13;2022-10-03T11:21:00Z;112.5;112.36;112.58;112.31;10869;
e6123145-9665-43e0-8413-cd61b8aa9b13;2022-10-03T11:22:00Z;112.31;112.44;112.49;112.31;5502;
e6123145-9665-43e0-8413-cd61b8aa9b13;2022-10-03T11:23:00Z;112.47;112.6;112.6;112.42;27404;
e6123145-9665-43e0-8413-cd61b8aa9b13;2022-10-03T11:24:00Z;112.54;112.85;112.88;112.54;24895;
e6123145-9665-43e0-8413-cd61b8aa9b13;2022-10-03T11:25:00Z;112.85;112.77;112.87;112.67;14975;
e6123145-9665-43e0-8413-cd61b8aa9b13;2022-10-03T11:26:00Z;112.73;112.7;112.79;112.67;8462;
e6123145-9665-43e0-8413-cd61b8aa9b13;2022-10-03T11:27:00Z;112.76;112.8;112.9;112.75;15583;
e6123145-9665-43e0-8413-cd61b8aa9b13;2022-10-03T11:28:00Z;112.79;112.9;112.9;112.79;8164;
e6123145-9665-43e0-8413-cd61b8aa9b13;2022-10-03T11:29:00Z;112.9;112.83;112.9;112.8;9504;
e6123145-9665-43e0-8413-cd61b8aa9b13;2022-10-03T11:30:00Z;112.86;113;113.1;112.81;70436;
e6123145-9665-43e0-8413-cd61b8aa9b13;2022-10-03T11:31:00Z;113;113.06;113.19;112.93;24651;
e6123145-9665-43e0-8413-cd61b8aa9b13;2022-10-03T11:32:00Z;113.05;112.97;113.12;112.91;12146;
e6123145-9665-43e0-8413-cd61b8aa9b13;2022-10-03T11:33:00Z;112.94;113.1;113.1;112.9;18583;
e6123145-9665-43e0-8413-cd61b8aa9b13;2022-10-03T11:34:00Z;113.1;113;113.1;112.97;15095;
e6123145-9665-43e0-8413-cd61b8aa9b13;2022-10-03T11:35:00Z;113.01;113;113.09;113;16945;
e6123145-9665-43e0-8413-cd61b8aa9b13;2022-10-03T11:36:00Z;113;112.87;113.05;112.84;23262;
e6123145-9665-43e0-8413-cd61b8aa9b13;2022-10-03T11:37:00Z;112.9;112.67;112.92;112.6;29469;
e6123145-9665-43e0-8413-cd61b8aa9b13;2022-10-03T11:38:00Z;112.63;112.76;112.87;112.6;11670;
e6123145-9665-43e0-8413-cd61b8aa9b13;2022-10-03T11:39:00Z;112.76;112.66;112.79;112.66;8586;
e6123145-9665-43e0-8413-cd61b8aa9b13;2022-10-03T11:40:00Z;112.66;112.5;112.7;112.5;34572;
e6123145-9665-43e0-8413-cd61b8aa9b13;2022-10-03T11:41:00Z;112.53;112.3;112.56;112.28;32531;
e6123145-9665-43e0-8413-cd61b8aa9b13;2022-10-03T11:42:00Z;112.3;112.53;112.54;112.29;20294;
e6123145-9665-43e0-8413-cd61b8aa9b13;2022-10-03T11:43:00Z;112.47;112.49;112.55;112.47;3870;
e6123145-9665-43e0-8413-cd61b8aa9b13;2022-10-03T11:44:00Z;112.47;112.23;112.49;112.21;24946;
e6123145-9665-43e0-8413-cd61b8aa9b13;2022-10-03T11:45:00Z;112.23;112.27;112.35;112.23;11951;
e6123145-9665-43e0-8413-cd61b8aa9b13;2022-10-03T11:46:00Z;112.3;112.43;112.5;112.27;5151;
e6123145-9665-43e0-8413-cd61b8aa9b13;2022-10-03T11:47:00Z;112.48;112.46;112.53;112.43;11452;
e6123145-9665-43e0-8413-cd61b8aa9b13;2022-10-03T11:48:00Z;112.47;112.57;112.65;112.47;8535;
e6123145-9665-43e0-8413-cd61b8aa9b13;2022-10-03T11:49:00Z;112.57;112.5;112.62;112.42;8797;
e6123145-9665-43e0-8413-cd61b8aa9b13;2022-10-03T11:50:00Z;112.5;112.53;112.6;112.38;4852;
e6123145-9665-43e0-8413-cd61b8aa9b13;2022-10-03T11:51:00Z;112.58;112.72;112.72;112.53;27768;
e6123145-9665-43e0-8413-cd61b8aa9b13;2022-10-03T11:52:00Z;112.72;112.75;112.83;112.7;10302;
e6123145-9665-43e0-8413-cd61b8aa9b13;2022-10-03T11:53:00Z;112.75;112.74;112.78;112.61;4185;
e6123145-9665-43e0-8413-cd61b8aa9b13;2022-10-03T11:54:00Z;112.72;112.49;112.77;112.44;6395;
e6123145-9665-43e0-8413-cd61b8aa9b13;2022-10-03T11:55:00Z;112.5;112.45;112.62;112.42;8018;
e6123145-9665-43e0-8413-cd61b8aa9b13;2022-10-03T11:56:00Z;112.46;112.44;112.49;112.36;10379;
e6123145-9665-43e0-8413-cd61b8aa9b13;2022-10-03T11:57:00Z;112.47;112.4;112.5;112.38;4386;
e6123145-9665-43e0-8413-cd61b8aa9b13;2022-10-03T11:58:00Z;112.45;112.47;112.5;112.39;2334;
e6123145-9665-43e0-8413-cd61b8aa9b13;2022-10-03T11:59:00Z;112.43;112.59;112.69;112.39;3778;
e6123145-9665-43e0-8413-cd61b8aa9b13;2022-10-03T12:00:00Z;112.59;112.67;112.67;112.53;9818;
e6123145-9665-43e0-8413-cd61b8aa9b13;2022-10-03T12:01:00Z;112.61;112.6;112.67;112.58;5858;
e6123145-9665-43e0-8413-cd61b8aa9b13;2022-10-03T12:02:00Z;112.64;112.46;112.66;112.34;18492;
e6123145-9665-43e0-8413-cd61b8aa9b13;2022-10-03T12:03:00Z;112.46;112.45;112.5;112.39;5087;
e6123145-9665-43e0-8413-cd61b8aa9b13;2022-10-03T12:04:00Z;112.38;112.09;112.4;112;40650;
e6123145-9665-43e0-8413-cd61b8aa9b13;2022-10-03T12:05:00Z;112.09;112.07;112.2;112;15398;
e6123145-9665-43e0-8413-cd61b8aa9b13;2022-10-03T12:06:00Z;112.05;112.01;112.15;112;17987;
e6123145-9665-43e0-8413-cd61b8aa9b13;2022-10-03T12:07:00Z;112.01;112.05;112.05;111.86;15912;
e6123145-9665-43e0-8413-cd61b8aa9b13;2022-10-03T12:08:00Z;112;112.14;112.18;111.99;14290;
e6123145-9665-43e0-8413-cd61b8aa9b13;2022-10-03T12:09:00Z;112.1;112.11;112.17;112.05;1781;
e6123145-9665-43e0-8413-cd61b8aa9b13;2022-10-03T12:10:00Z;112.11;112.13;112.18;112.1;1789;
e6123145-9665-43e0-8413-cd61b8aa9b13;2022-10-03T12:11:00Z;112.13;112.15;112.3;112.03;9508;
e6123145-9665-43e0-8413-cd61b8aa9b13;2022-10-03T12:12:00Z;112.08;112.14;112.2;112.08;3760;
e6123145-9665-43e0-8413-cd61b8aa9b13;2022-10-03T12:13:00Z;112.2;112.18;112.23;112.16;927;
e6123145-9665-43e0-8413-cd61b8aa9b13;2022-10-03T12:14:00Z;112.19;112.34;112.6;112.15;23108;
e6123145-9665-43e0-8413-cd61b8aa9b13;2022-10-03T12:15:00Z;112.42;112.46;112.57;112.33;4491;
e6123145-9665-43e0-8413-cd61b8aa9b13;2022-10-03T12:16:00Z;112.46;112.47;112.57;112.36;15717;
e6123145-9665-43e0-8413-cd61b8aa9b13;2022-10-03T12:17:00Z;112.5;112.36;112.5;112.33;2510;
e6123145-9665-43e0-8413-cd61b8aa9b13;2022-10-03T12:18:00Z;112.37;112.37;112.49;112.3;3904;
e6123145-9665-43e0-8413-cd61b8aa9b13;2022-10-03T12:19:00Z;112.39;112.32;112.47;112.26;3870;
e6123145-9665-43e0-8413-cd61b8aa9b13;2022-10-03T12:20:00Z;112.32;112.3;112.34;112.2;4529;
e6123145-9665-43e0-8413-cd61b8aa9b13;2022-10-03T12:21:00Z;112.3;112.38;112.49;112.28;11224;
e6123145-9665-43e0-8413-cd61b8aa9b13;2022-10-03T12:22:00Z;112.31;112.31;112.41;112.2;3525;
e6123145-9665-43e0-8413-cd61b8aa9b13;2022-10-03T12:23:00Z;112.37;112.43;112.48;112.37;4023;
e6123145-9665-43e0-8413-cd61b8aa9b13;2022-10-03T12:24:00Z;112.42;112.42;112.47;112.32;3100;
e6123145-9665-43e0-8413-cd61b8aa9b13;2022-10-03T12:25:00Z;112.4;112.57;112.62;112.4;10405;
e6123145-9665-43e0-8413-cd61b8aa9b13;2022-10-03T12:26:00Z;112.62;112.66;112.7;112.52;8804;
e6123145-9665-43e0-8413-cd61b8aa9b13;2022-10-03T12:27:00Z;112.66;112.7;112.7;112.61;4740;
e6123145-9665-43e0-8413-cd61b8aa9b13;2022-10-03T12:28:00Z;112.67;112.6;112.7;112.55;2142;
e6123145-9665-43e0-8413-cd61b8aa9b13;2022-10-03T12:29:00Z;112.6;112.63;112.69;112.5;6805;
e6123145-9665-43e0-8413-cd61b8aa9b13;2022-10-03T12:30:00Z;112.63;112.73;112.73;112.63;4937;
e6123145-9665-43e0-8413-cd61b8aa9b13;2022-10-03T12:31:00Z;112.72;112.87;113;112.68;33789;
e6123145-9665-43e0-8413-cd61b8aa9b13;2022-10-03T12:32:00Z;112.91;112.94;112.94;112.8;7434;
e6123145-9665-43e0-8413-cd61b8aa9b13;2022-10-03T12:33:00Z;112.89;113.02;113.07;112.89;18748;
e6123145-9665-43e0-8413-cd61b8aa9b13;2022-10-03T12:34:00Z;113.04;112.95;113.08;112.82;10444;
e6123145-9665-43e0-8413-cd61b8aa9b13;2022-10-03T12:35:00Z;112.91;112.91;112.94;112.74;9222;
e6123145-9665-43e0-8413-cd61b8aa9b13;2022-10-03T12:36:00Z;112.91;112.76;112.91;112.71;4751;
e6123145-9665-43e0-8413-cd61b8aa9b13;2022-10-03T12:37:00Z;112.76;112.74;112.76;112.6;8222;
e6123145-9665-43e0-8413-cd61b8aa9b13;2022-10-03T12:38:00Z;112.72;112.7;112.74;112.62;2083;
e6123145-9665-43e0-8413-cd61b8aa9b13;2022-10-03T12:39:00Z;112.68;112.72;112.77;112.67;3000;
e6123145-9665-43e0-8413-cd61b8aa9b13;2022-10-03T12:40:00Z;112.76;112.72;112.77;112.69;2733;
e6123145-9665-43e0-8413-cd61b8aa9b13;2022-10-03T12:41:00Z;112.74;112.67;112.75;112.6;8641;
e6123145-9665-43e0-8413-cd61b8aa9b13;2022-10-03T12:42:00Z;112.63;112.68;112.77;112.62;3532;
e6123145-9665-43e0-8413-cd61b8aa9b13;2022-10-03T12:43:00Z;112.68;112.55;112.72;112.55;6072;
e6123145-9665-43e0-8413-cd61b8aa9b13;2022-10-03T12:44:00Z;112.59;112.55;112.62;112.5;5792;
e6123145-9665-43e0-8413-cd61b8aa9b13;2022-10-03T12:45:00Z;112.51;112.4;112.55;112.3;21220;
e6123145-9665-43e0-8413-cd61b8aa9b13;2022-10-03T12:46:00Z;112.36;112.39;112.43;112.31;4617;
e6123145-9665-43e0-8413-cd61b8aa9b13;2022-10-03T12:47:00Z;112.39;112.55;112.55;112.3;10572;
e6123145-9665-43e0-8413-cd61b8aa9b13;2022-10-03T12:48:00Z;112.52;112.48;112.55;112.47;4686;
e6123145-9665-43e0-8413-cd61b8aa9b13;2022-10-03T12:49:00Z;112.49;112.5;112.5;112.35;5226;
e6123145-9665-43e0-8413-cd61b8aa9b13;2022-10-03T12:50:00Z;112.5;112.33;112.5;112.28;8619;
e6123145-9665-43e0-8413-cd61b8aa9b13;2022-10-03T12:51:00Z;112.3;112.45;112.47;112.22;5308;
e6123145-9665-43e0-8413-cd61b8aa9b13;2022-10-03T12:52:00Z;112.45;112.41;112.55;112.39;7017;
e6123145-9665-43e0-8413-cd61b8aa9b13;2022-10-03T12:53:00Z;112.43;112.5;112.54;112.4;4177;
e6123145-9665-43e0-8413-cd61b8aa9b13;2022-10-03T12:54:00Z;112.51;112.56;112.65;112.5;11923;
e6123145-9665-43e0-8413-cd61b8aa9b13;2022-10-03T12:55:00Z;112.61;112.63;112.69;112.4;5473;
e6123145-9665-43e0-8413-cd61b8aa9b13;2022-10-03T12:56:00Z;112.63;112.65;112.69;112.56;8089;
e6123145-9665-43e0-8413-cd61b8aa9b13;2022-10-03T12:57:00Z;112.67;112.74;112.77;112.63;10951;
e6123145-9665-43e0-8413-cd61b8aa9b13;2022-10-03T12:58:00Z;112.71;112.82;112.9;112.71;9883;
e6123145-9665-43e0-8413-cd61b8aa9b13;2022-10-03T12:59:00Z;112.87;112.71;112.88;112.66;3108;
e6123145-9665-43e0-8413-cd61b8aa9b13;2022-10-03T13:00:00Z;112.72;112.72;112.84;112.68;5890;
e6123145-9665-43e0-8413-cd61b8aa9b13;2022-10-03T13:01:00Z;112.76;112.7;112.8;112.7;3630;
e6123145-9665-43e0-8413-cd61b8aa9b13;2022-10-03T13:02:00Z;112.75;112.71;112.81;112.51;19748;
e6123145-9665-43e0-8413-cd61b8aa9b13;2022-10-03T13:03:00Z;112.7;112.84;112.84;112.68;12219;
e6123145-9665-43e0-8413-cd61b8aa9b13;2022-10-03T13:04:00Z;112.84;112.91;112.95;112.8;16747;
e6123145-9665-43e0-8413-cd61b8aa9b13;2022-10-03T13:05:00Z;112.91;112.89;112.95;112.86;7595;
e6123145-9665-43e0-8413-cd61b8aa9b13;2022-10-03T13:06:00Z;112.87;112.77;112.91;112.75;6283;
e6123145-9665-43e0-8413-cd61b8aa9b13;2022-10-03T13:07:00Z;112.78;112.98;112.98;112.77;20485;
e6123145-9665-43e0-8413-cd61b8aa9b13;2022-10-03T13:08:00Z;112.92;112.97;112.99;112.88;9841;
e6123145-9665-43e0-8413-cd61b8aa9b13;2022-10-03T13:09:00Z;112.95;113;113.03;112.81;48835;
e6123145-9665-43e0-8413-cd61b8aa9b13;2022-10-03T13:10:00Z;113.01;112.86;113.03;112.72;12331;
e6123145-9665-43e0-8413-cd61b8aa9b13;2022-10-03T13:11:00Z;112.86;112.8;112.86;112.72;5973;
e6123145-9665-43e0-8413-cd61b8aa9b13;2022-10-03T13:12:00Z;112.75;112.65;112.8;112.48;22076;
e6123145-9665-43e0-8413-cd61b8aa9b13;2022-10-03T13:13:00Z;112.65;112.68;112.74;112.6;4418;
e6123145-9665-43e0-8413-cd61b8aa9b13;2022-10-03T13:14:00Z;112.74;112.66;112.74;112.55;4004;
e6123145-9665-43e0-8413-cd61b8aa9b13;2022-10-03T13:15:00Z;112.62;112.73;112.73;112.62;4183;
e6123145-9665-43e0-8413-cd61b8aa9b13;2022-10-03T13:16:00Z;112.73;112.71;112.79;112.7;2420;
e6123145-9665-43e0-8413-cd61b8aa9b13;2022-10-03T13:17:00Z;112.75;112.75;112.82;112.7;3617;
e6123145-9665-43e0-8413-cd61b8aa9b13;2022-10-03T13:18:00Z;112.77;112.8;112.85;112.71;5119;
e6123145-9665-43e0-8413-cd61b8aa9b13;2022-10-03T13:19:00Z;112.79;112.77;112.86;112.75;3359;
e6123145-9665-43e0-8413-cd61b8aa9b13;2022-10-03T13:20:00Z;112.81;112.8;112.86;112.8;2747;
e6123145-9665-43e0-8413-cd61b8aa9b13;2022-10-03T13:21:00Z;112.84;112.81;112.86;112.8;968;
e6123145-9665-43e0-8413-cd61b8aa9b13;2022-10-03T13:22:00Z;112.83;112.65;112.84;112.65;3710;
e6123145-9665-43e0-8413-cd61b8aa9b13;2022-10-03T13:23:00Z;112.69;112.55;112.71;112.55;10425;
e6123145-9665-43e0-8413-cd61b8aa9b13;2022-10-03T13:24:00Z;112.6;112.62;112.67;112.56;3979;
e6123145-9665-43e0-8413-cd61b8aa9b13;2022-10-03T13:25:00Z;112.62;112.54;112.66;112.5;30639;
e6123145-9665-43e0-8413-cd61b8aa9b13;2022-10-03T13:26:00Z;112.56;112.66;112.71;112.54;8518;
e6123145-9665-43e0-8413-cd61b8aa9b13;2022-10-03T13:27:00Z;112.66;112.42;112.69;112.42;20096;
e6123145-9665-43e0-8413-cd61b8aa9b13;2022-10-03T13:28:00Z;112.48;112.47;112.52;112.38;8457;
e6123145-9665-43e0-8413-cd61b8aa9b13;2022-10-03T13:29:00Z;112.47;112.5;112.54;112.42;5384;
e6123145-9665-43e0-8413-cd61b8aa9b13;2022-10-03T13:30:00Z;112.49;112.5;112.63;112.47;7250;
e6123145-9665-43e0-8413-cd61b8aa9b13;2022-10-03T13:31:00Z;112.51;112.64;112.64;112.5;9106;
e6123145-9665-43e0-8413-cd61b8aa9b13;2022-10-03T13:32:00Z;112.6;112.5;112.66;112.5;3504;
e6123145-9665-43e0-8413-cd61b8aa9b13;2022-10-03T13:33:00Z;112.5;112.36;112.57;112.36;5859;
e6123145-9665-43e0-8413-cd61b8aa9b13;2022-10-03T13:34:00Z;112.4;112.43;112.53;112.36;4457;
e6123145-9665-43e0-8413-cd61b8aa9b13;2022-10-03T13:35:00Z;112.4;112.25;112.45;112.12;25098;
e6123145-9665-43e0-8413-cd61b8aa9b13;2022-10-03T13:36:00Z;112.26;112.3;112.33;112.23;1895;
e6123145-9665-43e0-8413-cd61b8aa9b13;2022-10-03T13:37:00Z;112.3;112.37;112.42;112.28;6633;
e6123145-9665-43e0-8413-cd61b8aa9b13;2022-10-03T13:38:00Z;112.36;112.14;112.36;112.01;14160;
e6123145-9665-43e0-8413-cd61b8aa9b13;2022-10-03T13:39:00Z;112.22;112.02;112.23;112;10095;
e6123145-9665-43e0-8413-cd61b8aa9b13;2022-10-03T13:40:00Z;112;111.79;112.06;111.75;36119;
e6123145-9665-43e0-8413-cd61b8aa9b13;2022-10-03T13:41:00Z;111.76;112.15;112.22;111.76;15922;
e6123145-9665-43e0-8413-cd61b8aa9b13;2022-10-03T13:42:00Z;112.15;112.09;112.15;111.99;8890;
e6123145-9665-43e0-8413-cd61b8aa9b13;2022-10-03T13:43:00Z;112.05;112;112.07;111.89;6546;
e6123145-9665-43e0-8413-cd61b8aa9b13;2022-10-03T13:44:00Z;111.96;111.96;112;111.91;4845;
e6123145-9665-43e0-8413-cd61b8aa9b13;2022-10-03T13:45:00Z;112;112.19;112.28;112;7855;
e6123145-9665-43e0-8413-cd61b8aa9b13;2022-10-03T13:46:00Z;112.19;112.31;112.35;112.12;8038;
e6123145-9665-43e0-8413-cd61b8aa9b13;2022-10-03T13:47:00Z;112.23;112.14;112.31;112.09;3580;
e6123145-9665-43e0-8413-cd61b8aa9b13;2022-10-03T13:48:00Z;112.09;112.25;112.25;112.08;1590;
e6123145-9665-43e0-8413-cd61b8aa9b13;2022-10-03T13:49:00Z;112.25;112.18;112.32;112.06;6861;
e6123145-9665-43e0-8413-cd61b8aa9b13;2022-10-03T13:50:00Z;112.18;112.25;112.25;112.06;2972;
e6123145-9665-43e0-8413-cd61b8aa9b13;2022-10-03T13:51:00Z;112.19;112.5;112.56;112.18;24969;
e6123145-9665-43e0-8413-cd61b8aa9b13;2022-10-03T13:52:00Z;112.51;112.44;112.56;112.38;11312;
e6123145-9665-43e0-8413-cd61b8aa9b13;2022-10-03T13:53:00Z;112.47;112.44;112.56;112.28;9594;
e6123145-9665-43e0-8413-cd61b8aa9b13;2022-10-03T13:54:00Z;112.44;112.39;112.46;112.35;2789;
e6123145-9665-43e0-8413-cd61b8aa9b13;2022-10-03T13:55:00Z;112.43;112.43;112.46;112.4;1268;
e6123145-9665-43e0-8413-cd61b8aa9b13;2022-10-03T13:56:00Z;112.43;112.34;112.44;112.29;4941;
e6123145-9665-43e0-8413-cd61b8aa9b13;2022-10-03T13:57:00Z;112.34;112.4;112.41;112.28;3105;
e6123145-9665-43e0-8413-cd61b8aa9b13;2022-10-03T13:58:00Z;112.41;112.41;112.5;112.4;2308;
e6123145-9665-43e0-8413-cd61b8aa9b13;2022-10-03T13:59:00Z;112.4;112.3;112.46;112.27;2192;
e6123145-9665-43e0-8413-cd61b8aa9b13;2022-10-03T14:00:00Z;112.3;112.23;112.37;112.22;5986;
e6123145-9665-43e0-8413-cd61b8aa9b13;2022-10-03T14:01:00Z;112.27;112.25;112.3;112.21;1079;
e6123145-9665-43e0-8413-cd61b8aa9b13;2022-10-03T14:02:00Z;112.29;112.2;112.29;112.14;3585;
e6123145-9665-43e0-8413-cd61b8aa9b13;2022-10-03T14:03:00Z;112.14;112.19;112.21;112.12;4132;
e6123145-9665-43e0-8413-cd61b8aa9b13;2022-10-03T14:04:00Z;112.19;112.25;112.25;112.13;6248;
e6123145-9665-43e0-8413-cd61b8aa9b13;2022-10-03T14:05:00Z;112.24;112.14;112.25;112.08;6580;
e6123145-9665-43e0-8413-cd61b8aa9b13;2022-10-03T14:06:00Z;112.15;112.21;112.21;112.11;3988;
e6123145-9665-43e0-8413-cd61b8aa9b13;2022-10-03T14:07:00Z;112.21;112.26;112.39;112.2;8211;
e6123145-9665-43e0-8413-cd61b8aa9b13;2022-10-03T14:08:00Z;112.3;112.33;112.4;112.26;7792;
e6123145-9665-43e0-8413-cd61b8aa9b13;2022-10-03T14:09:00Z;112.3;112.29;112.36;112.27;806;
e6123145-9665-43e0-8413-cd61b8aa9b13;2022-10-03T14:10:00Z;112.28;112.4;112.4;112.27;6284;
e6123145-9665-43e0-8413-cd61b8aa9b13;2022-10-03T14:11:00Z;112.4;112.31;112.46;112.31;8474;
e6123145-9665-43e0-8413-cd61b8aa9b13;2022-10-03T14:12:00Z;112.39;112.23;112.42;112.08;13995;
e6123145-9665-43e0-8413-cd61b8aa9b13;2022-10-03T14:13:00Z;112.23;112.31;112.31;112.15;3030;
e6123145-9665-43e0-8413-cd61b8aa9b13;2022-10-03T14:14:00Z;112.23;112.28;112.29;112.21;1131;
e6123145-9665-43e0-8413-cd61b8aa9b13;2022-10-03T14:15:00Z;112.28;112.41;112.45;112.24;5022;
e6123145-9665-43e0-8413-cd61b8aa9b13;2022-10-03T14:16:00Z;112.38;112.45;112.48;112.38;2391;
e6123145-9665-43e0-8413-cd61b8aa9b13;2022-10-03T14:17:00Z;112.44;112.44;112.47;112.4;2688;
e6123145-9665-43e0-8413-cd61b8aa9b13;2022-10-03T14:18:00Z;112.4;112.38;112.43;112.38;991;
e6123145-9665-43e0-8413-cd61b8aa9b13;2022-10-03T14:19:00Z;112.38;112.4;112.47;112.36;7422;
e6123145-9665-43e0-8413-cd61b8aa9b13;2022-10-03T14:20:00Z;112.37;112.27;112.4;112.27;2610;
e6123145-9665-43e0-8413-cd61b8aa9b13;2022-10-03T14:21:00Z;112.3;112.31;112.35;112.22;2927;
e6123145-9665-43e0-8413-cd61b8aa9b13;2022-10-03T14:22:00Z;112.32;112.26;112.35;112.15;12437;
e6123145-9665-43e0-8413-cd61b8aa9b13;2022-10-03T14:23:00Z;112.19;112.31;112.31;112.15;3970;
e6123145-9665-43e0-8413-cd61b8aa9b13;2022-10-03T14:24:00Z;112.31;112.36;112.38;112.26;9992;
e6123145-9665-43e0-8413-cd61b8aa9b13;2022-10-03T14:25:00Z;112.36;112.36;112.36;112.3;4828;
e6123145-9665-43e0-8413-cd61b8aa9b13;2022-10-03T14:26:00Z;112.35;112.34;112.45;112.33;3792;
e6123145-9665-43e0-8413-cd61b8aa9b13;2022-10-03T14:27:00Z;112.39;112.4;112.45;112.32;2041;
e6123145-9665-43e0-8413-cd61b8aa9b13;2022-10-03T14:28:00Z;112.4;112.45;112.53;112.4;8244;
e6123145-9665-43e0-8413-cd61b8aa9b13;2022-10-03T14:29:00Z;112.5;112.47;112.51;112.43;460;
e6123145-9665-43e0-8413-cd61b8aa9b13;2022-10-03T14:30:00Z;112.43;112.44;112.48;112.43;1218;
e6123145-9665-43e0-8413-cd61b8aa9b13;2022-10-03T14:31:00Z;112.44;112.48;112.49;112.4;4245;
e6123145-9665-43e0-8413-cd61b8aa9b13;2022-10-03T14:32:00Z;112.48;112.6;112.6;112.4;10744;
e6123145-9665-43e0-8413-cd61b8aa9b13;2022-10-03T14:33:00Z;112.6;112.64;112.7;112.55;14881;
e6123145-9665-43e0-8413-cd61b8aa9b13;2022-10-03T14:34:00Z;112.59;112.58;112.63;112.52;2440;
e6123145-9665-43e0-8413-cd61b8aa9b13;2022-10-03T14:35:00Z;112.57;112.73;112.75;112.57;4700;
e6123145-9665-43e0-8413-cd61b8aa9b13;2022-10-03T14:36:00Z;112.71;112.8;112.8;112.7;6315;
e6123145-9665-43e0-8413-cd61b8aa9b13;2022-10-03T14:37:00Z;112.8;112.8;112.8;112.77;5072;
e6123145-9665-43e0-8413-cd61b8aa9b13;2022-10-03T14:38:00Z;112.79;112.84;112.92;112.71;20776;
e6123145-9665-43e0-8413-cd61b8aa9b13;2022-10-03T14:39:00Z;112.77;112.81;112.85;112.77;2908;
e6123145-9665-43e0-8413-cd61b8aa9b13;2022-10-03T14:40:00Z;112.81;112.89;112.89;112.81;5894;
e6123145-9665-43e0-8413-cd61b8aa9b13;2022-10-03T14:41:00Z;112.88;112.94;112.95;112.84;8486;
e6123145-9665-43e0-8413-cd61b8aa9b13;2022-10-03T14:42:00Z;112.9;112.93;112.95;112.87;8355;
e6123145-9665-43e0-8413-cd61b8aa9b13;2022-10-03T14:43:00Z;112.9;112.96;112.97;112.89;6110;
e6123145-9665-43e0-8413-cd61b8aa9b13;2022-10-03T14:44:00Z;112.95;113.39;113.4;112.94;93691;
e6123145-9665-43e0-8413-cd61b8aa9b13;2022-10-03T14:45:00Z;113.39;113.33;113.5;113.2;72366;
e6123145-9665-43e0-8413-cd61b8aa9b13;2022-10-03T14:46:00Z;113.33;113.17;113.36;113.16;20556;
e6123145-9665-43e0-8413-cd61b8aa9b13;2022-10-03T14:47:00Z;113.15;113.22;113.32;113.13;11468;
e6123145-9665-43e0-8413-cd61b8aa9b13;2022-10-03T14:48:00Z;113.22;113.24;113.3;113.16;8695;
e6123145-9665-43e0-8413-cd61b8aa9b13;2022-10-03T14:49:00Z;113.24;113.62;113.72;113.2;54582;
e6123145-9665-43e0-8413-cd61b8aa9b13;2022-10-03T14:50:00Z;113.57;113.54;113.69;113.45;26251;
e6123145-9665-43e0-8413-cd61b8aa9b13;2022-10-03T14:51:00Z;113.49;113.54;113.59;113.42;17514;
e6123145-9665-43e0-8413-cd61b8aa9b13;2022-10-03T14:52:00Z;113.53;113.62;113.65;113.53;12180;
e6123145-9665-43e0-8413-cd61b8aa9b13;2022-10-03T14:53:00Z;113.62;113.75;113.79;113.58;31253;
e6123145-9665-43e0-8413-cd61b8aa9b13;2022-10-03T14:54:00Z;113.75;113.86;113.96;113.75;40486;
e6123145-9665-43e0-8413-cd61b8aa9b13;2022-10-03T14:55:00Z;113.83;114.02;114.2;113.78;74469;
e6123145-9665-43e0-8413-cd61b8aa9b13;2022-10-03T14:56:00Z;114.05;114.33;114.34;114;35813;
e6123145-9665-43e0-8413-cd61b8aa9b13;2022-10-03T14:57:00Z;114.3;114.2;114.4;114.11;41284;
e6123145-9665-43e0-8413-cd61b8aa9b13;2022-10-03T14:58:00Z;114.22;114.33;114.35;114.11;28121;
e6123145-9665-43e0-8413-cd61b8aa9b13;2022-10-03T14:59:00Z;114.3;114.27;114.37;114.22;21833;
e6123145-9665-43e0-8413-cd61b8aa9b13;2022-10-03T15:00:00Z;114.25;114.26;114.36;114.19;21215;
e6123145-9665-43e0-8413-cd61b8aa9b13;2022-10-03T15:01:00Z;114.25;114.08;114.25;114.03;26304;
e6123145-9665-43e0-8413-cd61b8aa9b13;2022-10-03T15:02:00Z;114.08;114.04;114.13;114;18085;
e6123145-9665-43e0-8413-cd61b8aa9b13;2022-10-03T15:03:00Z;114.09;113.86;114.1;113.86;30477;
e6123145-9665-43e0-8413-cd61b8aa9b13;2022-10-03T15:04:00Z;113.86;113.87;113.93;113.75;25914;
e6123145-9665-43e0-8413-cd61b8aa9b13;2022-10-03T15:05:00Z;113.87;113.98;113.98;113.79;13773;
e6123145-9665-43e0-8413-cd61b8aa9b13;2022-10-03T15:06:00Z;113.97;113.82;114.05;113.77;12697;
e6123145-9665-43e0-8413-cd61b8aa9b13;2022-10-03T15:07:00Z;113.82;113.84;113.88;113.7;11110;
e6123145-9665-43e0-8413-cd61b8aa9b13;2022-10-03T15:08:00Z;113.84;113.86;114.02;113.79;19373;
e6123145-9665-43e0-8413-cd61b8aa9b13;2022-10-03T15:09:00Z;113.9;113.97;114.04;113.86;10779;
e6123145-9665-43e0-8413-cd61b8aa9b13;2022-10-03T15:10:00Z;113.97;113.9;114.04;113.9;4652;
e6123145-9665-43e0-8413-cd61b8aa9b13;2022-10-03T15:11:00Z;113.95;113.95;113.99;113.88;4980;
e6123145-9665-43e0-8413-cd61b8aa9b13;2022-10-03T15:12:00Z;113.95;113.91;113.97;113.9;4275;
e6123145-9665-43e0-8413-cd61b8aa9b13;2022-10-03T15:13:00Z;113.92;113.83;113.96;113.82;8224;
e6123145-9665-43e0-8413-cd61b8aa9b13;2022-10-03T15:14:00Z;113.88;113.82;113.89;113.76;6714;
e6123145-9665-43e0-8413-cd61b8aa9b13;2022-10-03T15:15:00Z;113.81;114;114;113.77;13414;
e6123145-9665-43e0-8413-cd61b8aa9b13;2022-10-03T15:16:00Z;114;114.19;114.2;113.96;21228;
e6123145-9665-43e0-8413-cd61b8aa9b13;2022-10-03T15:17:00Z;114.13;114.09;114.19;114.06;7392;
e6123145-9665-43e0-8413-cd61b8aa9b13;2022-10-03T15:18:00Z;114.09;114.11;114.14;114.03;5380;
e6123145-9665-43e0-8413-cd61b8aa9b13;2022-10-03T15:19:00Z;114.13;114.15;114.15;114.03;9940;
e6123145-9665-43e0-8413-cd61b8aa9b13;2022-10-03T15:20:00Z;114.15;114.33;114.35;114.08;15606;
e6123145-9665-43e0-8413-cd61b8aa9b13;2022-10-03T15:21:00Z;114.3;114.3;114.33;114.25;3927;
e6123145-9665-43e0-8413-cd61b8aa9b13;2022-10-03T15:22:00Z;114.27;114.22;114.31;114.18;1553;
e6123145-9665-43e0-8413-cd61b8aa9b13;2022-10-03T15:23:00Z;114.27;114.16;114.27;114.16;4703;
e6123145-9665-43e0-8413-cd61b8aa9b13;2022-10-03T15:24:00Z;114.16;114.15;114.19;114.07;2731;
e6123145-9665-43e0-8413-cd61b8aa9b13;2022-10-03T15:25:00Z;114.15;114.09;114.16;114.03;7592;
e6123145-9665-43e0-8413-cd61b8aa9b13;2022-10-03T15:26:00Z;114.04;113.98;114.09;113.9;13796;
e6123145-9665-43e0-8413-cd61b8aa9b13;2022-10-03T15:27:00Z;113.98;113.86;113.98;113.76;15727;
e6123145-9665-43e0-8413-cd61b8aa9b13;2022-10-03T15:28:00Z;113.86;113.8;113.87;113.8;4796;
e6123145-9665-43e0-8413-cd61b8aa9b13;2022-10-03T15:29:00Z;113.84;113.8;113.87;113.78;4402;
e6123145-9665-43e0-8413-cd61b8aa9b13;2022-10-03T15:30:00Z;113.8;113.84;113.9;113.75;9202;
e6123145-9665-43e0-8413-cd61b8aa9b13;2022-10-03T15:31:00Z;113.9;113.72;113.96;113.7;6696;
e6123145-9665-43e0-8413-cd61b8aa9b13;2022-10-03T15:32:00Z;113.8;113.9;113.9;113.7;3845;
e6123145-9665-43e0-8413-cd61b8aa9b13;2022-10-03T15:33:00Z;113.87;113.98;114;113.87;4483;
e6123145-9665-43e0-8413-cd61b8aa9b13;2022-10-03T15:34:00Z;113.96;113.91;114;113.9;6236;
e6123145-9665-43e0-8413-cd61b8aa9b13;2022-10-03T15:35:00Z;113.91;113.95;113.99;113.87;4073;
e6123145-9665-43e0-8413-cd61b8aa9b13;2022-10-03T15:36:00Z;113.97;113.98;113.99;113.91;6524;
e6123145-9665-43e0-8413-cd61b8aa9b13;2022-10-03T15:37:00Z;113.95;113.95;113.99;113.95;3552;
e6123145-9665-43e0-8413-cd61b8aa9b13;2022-10-03T15:38:00Z;113.95;113.92;114;113.91;6492;
e6123145-9665-43e0-8413-cd61b8aa9b13;2022-10-03T15:39:00Z;113.94;113.93;113.97;113.87;22819;
e6123145-9665-43e0-8413-cd61b8aa9b13;2022-10-03T15:45:00Z;114.03;114.03;114.03;114.03;9500;
e6123145-9665-43e0-8413-cd61b8aa9b13;2022-10-03T15:46:00Z;114.03;114.03;114.03;114.03;1749;
e6123145-9665-43e0-8413-cd61b8aa9b13;2022-10-03T15:47:00Z;114.03;114.03;114.03;114.03;1190;
e6123145-9665-43e0-8413-cd61b8aa9b13;2022-10-03T15:48:00Z;114.03;114.03;114.03;114.03;720;
e6123145-9665-43e0-8413-cd61b8aa9b13;2022-10-03T15:49:00Z;114.03;114.03;114.03;114.03;1833;
e6123145-9665-43e0-8413-cd61b8aa9b13;2022-10-03T16:04:00Z;114;114;114;114;414;
e6123145-9665-43e0-8413-cd61b8aa9b13;2022-10-03T16:05:00Z;113.99;113.8;114.36;113.7;11587;
e6123145-9665-43e0-8413-cd61b8aa9b13;2022-10-03T16:06:00Z;113.74;113.76;113.89;113.61;2733;
e6123145-9665-43e0-8413-cd61b8aa9b13;2022-10-03T16:07:00Z;113.8;113.85;113.85;113.6;5771;
e6123145-9665-43e0-8413-cd61b8aa9b13;2022-10-03T16:08:00Z;113.85;113.8;113.89;113.76;2420;
e6123145-9665-43e0-8413-cd61b8aa9b13;2022-10-03T16:09:00Z;113.8;113.83;113.88;113.7;4563;
e6123145-9665-43e0-8413-cd61b8aa9b13;2022-10-03T16:10:00Z;113.77;113.78;113.84;113.75;691;
e6123145-9665-43e0-8413-cd61b8aa9b13;2022-10-03T16:11:00Z;113.76;113.74;113.78;113.74;681;
e6123145-9665-43e0-8413-cd61b8aa9b13;2022-10-03T16:12:00Z;113.74;113.7;113.75;113.67;4966;
e6123145-9665-43e0-8413-cd61b8aa9b13;2022-10-03T16:13:00Z;113.67;113.6;113.7;113.6;3754;
e6123145-9665-43e0-8413-cd61b8aa9b13;2022-10-03T16:14:00Z;113.6;113.64;113.65;113.6;1668;
e6123145-9665-43e0-8413-cd61b8aa9b13;2022-10-03T16:15:00Z;113.64;113.76;113.76;113.57;9180;
e6123145-9665-43e0-8413-cd61b8aa9b13;2022-10-03T16:16:00Z;113.76;113.7;113.79;113.7;1753;
e6123145-9665-43e0-8413-cd61b8aa9b13;2022-10-03T16:17:00Z;113.7;113.72;113.76;113.69;579;
e6123145-9665-43e0-8413-cd61b8aa9b13;2022-10-03T16:18:00Z;113.71;113.7;113.75;113.68;2525;
e6123145-9665-43e0-8413-cd61b8aa9b13;2022-10-03T16:19:00Z;113.68;113.75;113.75;113.68;2135;
e6123145-9665-43e0-8413-cd61b8aa9b13;2022-10-03T16:20:00Z;113.75;113.79;113.8;113.68;3829;
e6123145-9665-43e0-8413-cd61b8aa9b13;2022-10-03T16:21:00Z;113.77;113.8;113.85;113.76;5672;
e6123145-9665-43e0-8413-cd61b8aa9b13;2022-10-03T16:22:00Z;113.79;113.82;113.85;113.76;486;
e6123145-9665-43e0-8413-cd61b8aa9b13;2022-10-03T16:23:00Z;113.82;113.78;113.85;113.75;1091;
e6123145-9665-43e0-8413-cd61b8aa9b13;2022-10-03T16:24:00Z;113.8;113.85;113.85;113.78;1903;
e6123145-9665-43e0-8413-cd61b8aa9b13;2022-10-03T16:25:00Z;113.84;113.85;113.85;113.8;937;
e6123145-9665-43e0-8413-cd61b8aa9b13;2022-10-03T16:26:00Z;113.85;113.88;113.88;113.81;563;
e6123145-9665-43e0-8413-cd61b8aa9b13;2022-10-03T16:27:00Z;113.88;113.92;113.92;113.85;1480;
e6123145-9665-43e0-8413-cd61b8aa9b13;2022-10-03T16:28:00Z;113.92;113.96;113.97;113.85;2735;
e6123145-9665-43e0-8413-cd61b8aa9b13;2022-10-03T16:29:00Z;113.9;113.84;113.98;113.83;2076;
e6123145-9665-43e0-8413-cd61b8aa9b13;2022-10-03T16:30:00Z;113.85;113.93;113.95;113.84;674;
e6123145-9665-43e0-8413-cd61b8aa9b13;2022-10-03T16:31:00Z;113.93;113.89;113.95;113.88;782;
e6123145-9665-43e0-8413-cd61b8aa9b13;2022-10-03T16:32:00Z;113.89;113.82;113.89;113.82;689;
e6123145-9665-43e0-8413-cd61b8aa9b13;2022-10-03T16:33:00Z;113.82;113.82;113.86;113.82;779;
e6123145-9665-43e0-8413-cd61b8aa9b13;2022-10-03T16:34:00Z;113.82;113.81;113.83;113.81;463;
e6123145-9665-43e0-8413-cd61b8aa9b13;2022-10-03T16:35:00Z;113.81;113.88;113.9;113.81;1356;
e6123145-9665-43e0-8413-cd61b8aa9b13;2022-10-03T16:36:00Z;113.88;113.89;113.9;113.85;317;
e6123145-9665-43e0-8413-cd61b8aa9b13;2022-10-03T16:37:00Z;113.89;113.91;113.93;113.84;1566;
e6123145-9665-43e0-8413-cd61b8aa9b13;2022-10-03T16:38:00Z;113.9;113.9;113.93;113.84;2333;
e6123145-9665-43e0-8413-cd61b8aa9b13;2022-10-03T16:39:00Z;113.89;113.86;113.9;113.85;114;
e6123145-9665-43e0-8413-cd61b8aa9b13;2022-10-03T16:40:00Z;113.86;113.9;113.9;113.85;572;
e6123145-9665-43e0-8413-cd61b8aa9b13;2022-10-03T16:41:00Z;113.86;113.91;113.93;113.85;1593;
e6123145-9665-43e0-8413-cd61b8aa9b13;2022-10-03T16:42:00Z;113.93;113.91;113.93;113.9;1685;
e6123145-9665-43e0-8413-cd61b8aa9b13;2022-10-03T16:43:00Z;113.92;113.9;113.93;113.9;382;
e6123145-9665-43e0-8413-cd61b8aa9b13;2022-10-03T16:44:00Z;113.9;113.9;113.91;113.9;2140;
e6123145-9665-43e0-8413-cd61b8aa9b13;2022-10-03T16:45:00Z;113.9;113.85;113.91;113.85;343;
e6123145-9665-43e0-8413-cd61b8aa9b13;2022-10-03T16:46:00Z;113.86;113.85;113.86;113.82;768;
e6123145-9665-43e0-8413-cd61b8aa9b13;2022-10-03T16:47:00Z;113.82;113.84;113.89;113.81;1097;
e6123145-9665-43e0-8413-cd61b8aa9b13;2022-10-03T16:48:00Z;113.87;113.88;113.89;113.83;154;
e6123145-9665-43e0-8413-cd61b8aa9b13;2022-10-03T16:49:00Z;113.88;113.92;113.92;113.88;628;
e6123145-9665-43e0-8413-cd61b8aa9b13;2022-10-03T16:50:00Z;113.92;113.92;113.92;113.88;702;
e6123145-9665-43e0-8413-cd61b8aa9b13;2022-10-03T16:51:00Z;113.9;113.99;114;113.9;19116;
e6123145-9665-43e0-8413-cd61b8aa9b13;2022-10-03T16:52:00Z;113.95;114.05;114.1;113.95;5429;
e6123145-9665-43e0-8413-cd61b8aa9b13;2022-10-03T16:53:00Z;114.1;114.1;114.29;114.07;15714;
e6123145-9665-43e0-8413-cd61b8aa9b13;2022-10-03T16:54:00Z;114.14;114.17;114.29;114.1;4090;
e6123145-9665-43e0-8413-cd61b8aa9b13;2022-10-03T16:55:00Z;114.17;114.18;114.3;114.17;4288;
e6123145-9665-43e0-8413-cd61b8aa9b13;2022-10-03T16:56:00Z;114.17;114.29;114.3;114.17;5929;
e6123145-9665-43e0-8413-cd61b8aa9b13;2022-10-03T16:57:00Z;114.27;114.26;114.3;114.21;4462;
e6123145-9665-43e0-8413-cd61b8aa9b13;2022-10-03T16:58:00Z;114.27;114.28;114.29;114.21;1491;
e6123145-9665-43e0-8413-cd61b8aa9b13;2022-10-03T16:59:00Z;114.27;114.18;114.27;114.18;2117;
e6123145-9665-43e0-8413-cd61b8aa9b13;2022-10-03T17:00:00Z;114.18;114.18;114.25;114.18;1805;
e6123145-9665-43e0-8413-cd61b8aa9b13;2022-10-03T17:01:00Z;114.22;114.04;114.22;114.04;3051;
e6123145-9665-43e0-8413-cd61b8aa9b13;2022-10-03T17:02:00Z;114.05;114.1;114.11;114.04;2880;
e6123145-9665-43e0-8413-cd61b8aa9b13;2022-10-03T17:03:00Z;114.1;114.2;114.2;114.09;1308;
e6123145-9665-43e0-8413-cd61b8aa9b13;2022-10-03T17:04:00Z;114.19;114.22;114.22;114.16;835;
e6123145-9665-43e0-8413-cd61b8aa9b13;2022-10-03T17:05:00Z;114.22;114.06;114.25;114.06;2875;
e6123145-9665-43e0-8413-cd61b8aa9b13;2022-10-03T17:06:00Z;114.06;114.08;114.13;114.05;462;
e6123145-9665-43e0-8413-cd61b8aa9b13;2022-10-03T17:07:00Z;114.08;114.1;114.12;114.05;934;
e6123145-9665-43e0-8413-cd61b8aa9b13;2022-10-03T17:08:00Z;114.1;114.1;114.1;114.06;1011;
e6123145-9665-43e0-8413-cd61b8aa9b13;2022-10-03T17:09:00Z;114.1;114.08;114.12;114.06;1204;
e6123145-9665-43e0-8413-cd61b8aa9b13;2022-10-03T17:10:00Z;114.07;114.06;114.08;114;9519;
e6123145-9665-43e0-8413-cd61b8aa9b13;2022-10-03T17:11:00Z;114.04;114.01;114.06;114;1432;
e6123145-9665-43e0-8413-cd61b8aa9b13;2022-10-03T17:12:00Z;114.01;114.06;114.06;114;1266;
e6123145-9665-43e0-8413-cd61b8aa9b13;2022-10-03T17:13:00Z;114.06;114.05;114.06;114.01;1893;
e6123145-9665-43e0-8413-cd61b8aa9b13;2022-10-03T17:14:00Z;114.04;114.09;114.15;114.01;3801;
e6123145-9665-43e0-8413-cd61b8aa9b13;2022-10-03T17:15:00Z;114.09;114.07;114.09;114.01;1406;
e6123145-9665-43e0-8413-cd61b8aa9b13;2022-10-03T17:16:00Z;114.07;114.05;114.07;114.04;405;
e6123145-9665-43e0-8413-cd61b8aa9b13;2022-10-03T17:17:00Z;114.06;114.09;114.09;114.06;348;
e6123145-9665-43e0-8413-cd61b8aa9b13;2022-10-03T17:18:00Z;114.09;114.09;114.1;114.09;1222;
e6123145-9665-43e0-8413-cd61b8aa9b13;2022-10-03T17:19:00Z;114.1;114.2;114.21;114.09;6333;
e6123145-9665-43e0-8413-cd61b8aa9b13;2022-10-03T17:20:00Z;114.15;114.2;114.21;114.13;3473;
e6123145-9665-43e0-8413-cd61b8aa9b13;2022-10-03T17:21:00Z;114.21;114.22;114.28;114.2;2022;
e6123145-9665-43e0-8413-cd61b8aa9b13;2022-10-03T17:22:00Z;114.21;114.23;114.3;114.21;1962;
e6123145-9665-43e0-8413-cd61b8aa9b13;2022-10-03T17:23:00Z;114.3;114.24;114.37;114.21;4854;
e6123145-9665-43e0-8413-cd61b8aa9b13;2022-10-03T17:24:00Z;114.24;114.24;114.29;114.1;1687;
e6123145-9665-43e0-8413-cd61b8aa9b13;2022-10-03T17:25:00Z;114.21;114.32;114.36;114.2;2116;
e6123145-9665-43e0-8413-cd61b8aa9b13;2022-10-03T17:26:00Z;114.32;114.3;114.37;114.21;2889;
e6123145-9665-43e0-8413-cd61b8aa9b13;2022-10-03T17:27:00Z;114.3;114.18;114.31;114.14;1629;
e6123145-9665-43e0-8413-cd61b8aa9b13;2022-10-03T17:28:00Z;114.23;114.2;114.24;114.12;1444;
e6123145-9665-43e0-8413-cd61b8aa9b13;2022-10-03T17:29:00Z;114.15;114.21;114.24;114.13;1203;
e6123145-9665-43e0-8413-cd61b8aa9b13;2022-10-03T17:30:00Z;114.13;114.19;114.2;114.13;336;
e6123145-9665-43e0-8413-cd61b8aa9b13;2022-10-03T17:31:00Z;114.19;114.22;114.3;114.09;7089;
e6123145-9665-43e0-8413-cd61b8aa9b13;2022-10-03T17:32:00Z;114.15;114.16;114.23;114.11;1751;
e6123145-9665-43e0-8413-cd61b8aa9b13;2022-10-03T17:33:00Z;114.19;114.17;114.19;114.13;692;
e6123145-9665-43e0-8413-cd61b8aa9b13;2022-10-03T17:34:00Z;114.17;114.17;114.2;114.17;626;
e6123145-9665-43e0-8413-cd61b8aa9b13;2022-10-03T17:35:00Z;114.18;114.2;114.2;114.18;1774;
e6123145-9665-43e0-8413-cd61b8aa9b13;2022-10-03T17:36:00Z;114.2;114.25;114.28;114.18;5151;
e6123145-9665-43e0-8413-cd61b8aa9b13;2022-10-03T17:37:00Z;114.21;114.24;114.25;114.2;408;
e6123145-9665-43e0-8413-cd61b8aa9b13;2022-10-03T17:38:00Z;114.21;114.24;114.25;114.21;208;
e6123145-9665-43e0-8413-cd61b8aa9b13;2022-10-03T17:39:00Z;114.24;114.25;114.25;114.24;1332;
e6123145-9665-43e0-8413-cd61b8aa9b13;2022-10-03T17:40:00Z;114.24;114.24;114.25;114.21;700;
e6123145-9665-43e0-8413-cd61b8aa9b13;2022-10-03T17:41:00Z;114.24;114.24;114.25;114.21;444;
e6123145-9665-43e0-8413-cd61b8aa9b13;2022-10-03T17:42:00Z;114.24;114.25;114.25;114.21;2980;
e6123145-9665-43e0-8413-cd61b8aa9b13;2022-10-03T17:43:00Z;114.24;114.26;114.27;114.2;1356;
e6123145-9665-43e0-8413-cd61b8aa9b13;2022-10-03T17:44:00Z;114.23;114.26;114.26;114.23;494;
e6123145-9665-43e0-8413-cd61b8aa9b13;2022-10-03T17:45:00Z;114.26;114.26;114.26;114.22;1664;
e6123145-9665-43e0-8413-cd61b8aa9b13;2022-10-03T17:46:00Z;114.26;114.2;114.26;114.2;529;
e6123145-9665-43e0-8413-cd61b8aa9b13;2022-10-03T17:47:00Z;114.2;114.21;114.24;114.2;26;
e6123145-9665-43e0-8413-cd61b8aa9b13;2022-10-03T17:48:00Z;114.21;114.23;114.24;114.21;882;
e6123145-9665-43e0-8413-cd61b8aa9b13;2022-10-03T17:49:00Z;114.23;114.2;114.24;114.18;1350;
e6123145-9665-43e0-8413-cd61b8aa9b13;2022-10-03T17:50:00Z;114.2;114.22;114.22;114.17;1051;
e6123145-9665-43e0-8413-cd61b8aa9b13;2022-10-03T17:51:00Z;114.22;114.21;114.22;114.16;2762;
e6123145-9665-43e0-8413-cd61b8aa9b13;2022-10-03T17:52:00Z;114.17;114.19;114.19;114.17;53;
e6123145-9665-43e0-8413-cd61b8aa9b13;2022-10-03T17:53:00Z;114.17;114.16;114.2;114.15;1358;
e6123145-9665-43e0-8413-cd61b8aa9b13;2022-10-03T17:54:00Z;114.16;114.15;114.16;114.15;2881;
e6123145-9665-43e0-8413-cd61b8aa9b13;2022-10-03T17:55:00Z;114.15;114.16;114.16;114.11;724;
e6123145-9665-43e0-8413-cd61b8aa9b13;2022-10-03T17:56:00Z;114.16;114.15;114.22;114.13;890;
e6123145-9665-43e0-8413-cd61b8aa9b13;2022-10-03T17:57:00Z;114.2;114.22;114.22;114.15;792;
e6123145-9665-43e0-8413-cd61b8aa9b13;2022-10-03T17:58:00Z;114.21;114.18;114.23;114.18;342;
e6123145-9665-43e0-8413-cd61b8aa9b13;2022-10-03T17:59:00Z;114.18;114.23;114.24;114.18;1459;
e6123145-9665-43e0-8413-cd61b8aa9b13;2022-10-03T18:00:00Z;114.21;114.24;114.25;114.2;391;
e6123145-9665-43e0-8413-cd61b8aa9b13;2022-10-03T18:01:00Z;114.22;114.24;114.25;114.22;359;
e6123145-9665-43e0-8413-cd61b8aa9b13;2022-10-03T18:02:00Z;114.22;114.22;114.24;114.22;777;
e6123145-9665-43e0-8413-cd61b8aa9b13;2022-10-03T18:03:00Z;114.22;114.23;114.24;114.18;699;
e6123145-9665-43e0-8413-cd61b8aa9b13;2022-10-03T18:04:00Z;114.19;114.19;114.24;114.17;310;
e6123145-9665-43e0-8413-cd61b8aa9b13;2022-10-03T18:05:00Z;114.19;114.2;114.22;114.19;133;
e6123145-9665-43e0-8413-cd61b8aa9b13;2022-10-03T18:06:00Z;114.18;114.19;114.2;114.18;361;
e6123145-9665-43e0-8413-cd61b8aa9b13;2022-10-03T18:07:00Z;114.19;114.23;114.24;114.19;255;
e6123145-9665-43e0-8413-cd61b8aa9b13;2022-10-03T18:08:00Z;114.23;114.22;114.24;114.21;867;
e6123145-9665-43e0-8413-cd61b8aa9b13;2022-10-03T18:09:00Z;114.22;114.24;114.24;114.22;121;
e6123145-9665-43e0-8413-cd61b8aa9b13;2022-10-03T18:10:00Z;114.24;114.27;114.27;114.22;6569;
e6123145-9665-43e0-8413-cd61b8aa9b13;2022-10-03T18:11:00Z;114.27;114.28;114.28;114.23;421;
e6123145-9665-43e0-8413-cd61b8aa9b13;2022-10-03T18:12:00Z;114.28;114.27;114.28;114.18;3190;
e6123145-9665-43e0-8413-cd61b8aa9b13;2022-10-03T18:13:00Z;114.27;114.3;114.3;114.26;1860;
e6123145-9665-43e0-8413-cd61b8aa9b13;2022-10-03T18:14:00Z;114.29;114.29;114.3;114.27;3973;
e6123145-9665-43e0-8413-cd61b8aa9b13;2022-10-03T18:15:00Z;114.29;114.29;114.3;114.27;1705;
e6123145-9665-43e0-8413-cd61b8aa9b13;2022-10-03T18:16:00Z;114.27;114.3;114.3;114.27;4308;
e6123145-9665-43e0-8413-cd61b8aa9b13;2022-10-03T18:17:00Z;114.3;114.3;114.3;114.29;1913;
e6123145-9665-43e0-8413-cd61b8aa9b13;2022-10-03T18:18:00Z;114.3;114.3;114.3;114.29;2026;
e6123145-9665-43e0-8413-cd61b8aa9b13;2022-10-03T18:19:00Z;114.3;114.4;114.4;114.3;6608;
e6123145-9665-43e0-8413-cd61b8aa9b13;2022-10-03T18:20:00Z;114.4;114.4;114.4;114.35;6939;
e6123145-9665-43e0-8413-cd61b8aa9b13;2022-10-03T18:21:00Z;114.4;114.39;114.4;114.33;506;
e6123145-9665-43e0-8413-cd61b8aa9b13;2022-10-03T18:22:00Z;114.38;114.39;114.4;114.34;488;
e6123145-9665-43e0-8413-cd61b8aa9b13;2022-10-03T18:23:00Z;114.36;114.35;114.4;114.33;1088;
e6123145-9665-43e0-8413-cd61b8aa9b13;2022-10-03T18:24:00Z;114.35;114.34;114.39;114.27;5869;
e6123145-9665-43e0-8413-cd61b8aa9b13;2022-10-03T18:25:00Z;114.36;114.28;114.38;114.27;1078;
e6123145-9665-43e0-8413-cd61b8aa9b13;2022-10-03T18:26:00Z;114.27;114.27;114.3;114.27;651;
e6123145-9665-43e0-8413-cd61b8aa9b13;2022-10-03T18:27:00Z;114.27;114.36;114.36;114.27;1966;
e6123145-9665-43e0-8413-cd61b8aa9b13;2022-10-03T18:28:00Z;114.36;114.32;114.36;114.32;875;
e6123145-9665-43e0-8413-cd61b8aa9b13;2022-10-03T18:29:00Z;114.36;114.31;114.38;114.31;1588;
e6123145-9665-43e0-8413-cd61b8aa9b13;2022-10-03T18:30:00Z;114.31;114.38;114.39;114.31;1684;
e6123145-9665-43e0-8413-cd61b8aa9b13;2022-10-03T18:31:00Z;114.38;114.4;114.4;114.33;1764;
e6123145-9665-43e0-8413-cd61b8aa9b13;2022-10-03T18:32:00Z;114.4;114.38;114.4;114.33;736;
e6123145-9665-43e0-8413-cd61b8aa9b13;2022-10-03T18:33:00Z;114.38;114.31;114.39;114.31;4366;
e6123145-9665-43e0-8413-cd61b8aa9b13;2022-10-03T18:34:00Z;114.37;114.48;114.5;114.31;9410;
e6123145-9665-43e0-8413-cd61b8aa9b13;2022-10-03T18:35:00Z;114.47;114.64;114.65;114.47;12701;
e6123145-9665-43e0-8413-cd61b8aa9b13;2022-10-03T18:36:00Z;114.6;114.57;114.64;114.47;5639;
e6123145-9665-43e0-8413-cd61b8aa9b13;2022-10-03T18:37:00Z;114.48;114.54;114.56;114.44;2411;
e6123145-9665-43e0-8413-cd61b8aa9b13;2022-10-03T18:38:00Z;114.54;114.5;114.6;114.44;4784;
e6123145-9665-43e0-8413-cd61b8aa9b13;2022-10-03T18:39:00Z;114.56;114.57;114.6;114.54;3575;
e6123145-9665-43e0-8413-cd61b8aa9b13;2022-10-03T18:40:00Z;114.57;114.6;114.6;114.49;4737;
e6123145-9665-43e0-8413-cd61b8aa9b13;2022-10-03T18:41:00Z;114.56;114.6;114.64;114.53;3702;
e6123145-9665-43e0-8413-cd61b8aa9b13;2022-10-03T18:42:00Z;114.63;114.55;114.64;114.5;2719;
e6123145-9665-43e0-8413-cd61b8aa9b13;2022-10-03T18:43:00Z;114.55;114.58;114.64;114.5;4079;
e6123145-9665-43e0-8413-cd61b8aa9b13;2022-10-03T18:44:00Z;114.58;114.49;114.6;114.49;3100;
e6123145-9665-43e0-8413-cd61b8aa9b13;2022-10-03T18:45:00Z;114.58;114.51;114.58;114.49;1460;
e6123145-9665-43e0-8413-cd61b8aa9b13;2022-10-03T18:46:00Z;114.51;114.5;114.52;114.46;1709;
e6123145-9665-43e0-8413-cd61b8aa9b13;2022-10-03T18:47:00Z;114.49;114.5;114.52;114.45;715;
e6123145-9665-43e0-8413-cd61b8aa9b13;2022-10-03T18:48:00Z;114.5;114.5;114.58;114.45;1846;
e6123145-9665-43e0-8413-cd61b8aa9b13;2022-10-03T18:49:00Z;114.56;114.49;114.58;114.49;1000;
e6123145-9665-43e0-8413-cd61b8aa9b13;2022-10-03T18:50:00Z;114.52;114.43;114.52;114.37;4711;
e6123145-9665-43e0-8413-cd61b8aa9b13;2022-10-03T18:51:00Z;114.45;114.41;114.45;114.39;559;
e6123145-9665-43e0-8413-cd61b8aa9b13;2022-10-03T18:52:00Z;114.41;114.43;114.43;114.39;553;
e6123145-9665-43e0-8413-cd61b8aa9b13;2022-10-03T18:53:00Z;114.43;114.36;114.44;114.36;1455;
e6123145-9665-43e0-8413-cd61b8aa9b13;2022-10-03T18:54:00Z;114.4;114.47;114.47;114.38;850;
e6123145-9665-43e0-8413-cd61b8aa9b13;2022-10-03T18:55:00Z;114.41;114.41;114.47;114.41;134;
e6123145-9665-43e0-8413-cd61b8aa9b13;2022-10-03T18:56:00Z;114.45;114.45;114.47;114.42;304;
e6123145-9665-43e0-8413-cd61b8aa9b13;2022-10-03T18:57:00Z;114.42;114.42;114.48;114.41;1298;
e6123145-9665-43e0-8413-cd61b8aa9b13;2022-10-03T18:58:00Z;114.42;114.45;114.47;114.42;276;
e6123145-9665-43e0-8413-cd61b8aa9b13;2022-10-03T18:59:00Z;114.45;114.42;114.5;114.41;1942;
e6123145-9665-43e0-8413-cd61b8aa9b13;2022-10-03T19:00:00Z;114.42;114.49;114.49;114.41;2573;
e6123145-9665-43e0-8413-cd61b8aa9b13;2022-10-03T19:01:00Z;114.46;114.48;114.49;114.43;67;
e6123145-9665-43e0-8413-cd61b8aa9b13;2022-10-03T19:02:00Z;114.49;114.45;114.5;114.43;428;
e6123145-9665-43e0-8413-cd61b8aa9b13;2022-10-03T19:03:00Z;114.49;114.52;114.6;114.45;10712;
e6123145-9665-43e0-8413-cd61b8aa9b13;2022-10-03T19:04:00Z;114.56;114.56;114.57;114.5;310;
e6123145-9665-43e0-8413-cd61b8aa9b13;2022-10-03T19:05:00Z;114.55;114.51;114.58;114.51;1888;
e6123145-9665-43e0-8413-cd61b8aa9b13;2022-10-03T19:06:00Z;114.51;114.55;114.58;114.5;542;
e6123145-9665-43e0-8413-cd61b8aa9b13;2022-10-03T19:07:00Z;114.5;114.54;114.55;114.48;522;
e6123145-9665-43e0-8413-cd61b8aa9b13;2022-10-03T19:08:00Z;114.5;114.54;114.54;114.5;929;
e6123145-9665-43e0-8413-cd61b8aa9b13;2022-10-03T19:09:00Z;114.5;114.51;114.53;114.48;305;
e6123145-9665-43e0-8413-cd61b8aa9b13;2022-10-03T19:10:00Z;114.51;114.51;114.53;114.5;265;
e6123145-9665-43e0-8413-cd61b8aa9b13;2022-10-03T19:11:00Z;114.51;114.5;114.51;114.48;263;
e6123145-9665-43e0-8413-cd61b8aa9b13;2022-10-03T19:12:00Z;114.48;114.47;114.53;114.46;1685;
e6123145-9665-43e0-8413-cd61b8aa9b13;2022-10-03T19:13:00Z;114.46;114.46;114.5;114.46;1622;
e6123145-9665-43e0-8413-cd61b8aa9b13;2022-10-03T19:14:00Z;114.46;114.46;114.5;114.46;364;
e6123145-9665-43e0-8413-cd61b8aa9b13;2022-10-03T19:15:00Z;114.48;114.45;114.5;114.45;2162;
e6123145-9665-43e0-8413-cd61b8aa9b13;2022-10-03T19:16:00Z;114.49;114.48;114.5;114.4;1356;
e6123145-9665-43e0-8413-cd61b8aa9b13;2022-10-03T19:17:00Z;114.48;114.51;114.51;114.42;1928;
e6123145-9665-43e0-8413-cd61b8aa9b13;2022-10-03T19:18:00Z;114.5;114.54;114.54;114.5;3980;
e6123145-9665-43e0-8413-cd61b8aa9b13;2022-10-03T19:19:00Z;114.54;114.5;114.54;114.5;646;
e6123145-9665-43e0-8413-cd61b8aa9b13;2022-10-03T19:20:00Z;114.5;114.54;114.54;114.5;113;
e6123145-9665-43e0-8413-cd61b8aa9b13;2022-10-03T19:21:00Z;114.5;114.5;114.54;114.5;775;
e6123145-9665-43e0-8413-cd61b8aa9b13;2022-10-03T19:22:00Z;114.51;114.54;114.54;114.5;682;
e6123145-9665-43e0-8413-cd61b8aa9b13;2022-10-03T19:23:00Z;114.52;114.51;114.54;114.51;466;
e6123145-9665-43e0-8413-cd61b8aa9b13;2022-10-03T19:24:00Z;114.54;114.55;114.55;114.51;306;
e6123145-9665-43e0-8413-cd61b8aa9b13;2022-10-03T19:25:00Z;114.54;114.54;114.54;114.51;276;
e6123145-9665-43e0-8413-cd61b8aa9b13;2022-10-03T19:26:00Z;114.52;114.54;114.55;114.51;708;
e6123145-9665-43e0-8413-cd61b8aa9b13;2022-10-03T19:27:00Z;114.55;114.55;114.55;114.5;893;
e6123145-9665-43e0-8413-cd61b8aa9b13;2022-10-03T19:28:00Z;114.53;114.5;114.55;114.5;521;
e6123145-9665-43e0-8413-cd61b8aa9b13;2022-10-03T19:29:00Z;114.5;114.47;114.54;114.47;1487;
e6123145-9665-43e0-8413-cd61b8aa9b13;2022-10-03T19:30:00Z;114.48;114.48;114.48;114.46;2980;
e6123145-9665-43e0-8413-cd61b8aa9b13;2022-10-03T19:31:00Z;114.46;114.47;114.47;114.42;1254;
e6123145-9665-43e0-8413-cd61b8aa9b13;2022-10-03T19:32:00Z;114.47;114.4;114.47;114.4;2249;
e6123145-9665-43e0-8413-cd61b8aa9b13;2022-10-03T19:33:00Z;114.44;114.42;114.45;114.4;1309;
e6123145-9665-43e0-8413-cd61b8aa9b13;2022-10-03T19:34:00Z;114.42;114.36;114.44;114.32;3262;
e6123145-9665-43e0-8413-cd61b8aa9b13;2022-10-03T19:35:00Z;114.43;114.38;114.44;114.36;111;
e6123145-9665-43e0-8413-cd61b8aa9b13;2022-10-03T19:36:00Z;114.38;114.4;114.43;114.37;295;
e6123145-9665-43e0-8413-cd61b8aa9b13;2022-10-03T19:37:00Z;114.38;114.37;114.4;114.37;797;
e6123145-9665-43e0-8413-cd61b8aa9b13;2022-10-03T19:38:00Z;114.4;114.35;114.4;114.3;8676;
e6123145-9665-43e0-8413-cd61b8aa9b13;2022-10-03T19:39:00Z;114.4;114.36;114.4;114.3;3932;
e6123145-9665-43e0-8413-cd61b8aa9b13;2022-10-03T19:40:00Z;114.35;114.45;114.45;114.32;2874;
e6123145-9665-43e0-8413-cd61b8aa9b13;2022-10-03T19:41:00Z;114.38;114.4;114.48;114.38;4097;
e6123145-9665-43e0-8413-cd61b8aa9b13;2022-10-03T19:42:00Z;114.46;114.48;114.48;114.4;1189;
e6123145-9665-43e0-8413-cd61b8aa9b13;2022-10-03T19:43:00Z;114.47;114.48;114.48;114.44;1451;
e6123145-9665-43e0-8413-cd61b8aa9b13;2022-10-03T19:44:00Z;114.48;114.45;114.48;114.42;491;
e6123145-9665-43e0-8413-cd61b8aa9b13;2022-10-03T19:45:00Z;114.45;114.46;114.47;114.45;199;
e6123145-9665-43e0-8413-cd61b8aa9b13;2022-10-03T19:46:00Z;114.46;114.48;114.48;114.45;811;
e6123145-9665-43e0-8413-cd61b8aa9b13;2022-10-03T19:47:00Z;114.48;114.55;114.57;114.45;5084;
e6123145-9665-43e0-8413-cd61b8aa9b13;2022-10-03T19:48:00Z;114.48;114.5;114.57;114.46;4811;
e6123145-9665-43e0-8413-cd61b8aa9b13;2022-10-03T19:49:00Z;114.5;114.51;114.56;114.5;1043;
e6123145-9665-43e0-8413-cd61b8aa9b13;2022-10-03T19:50:00Z;114.54;114.5;114.54;114.5;709;
e6123145-9665-43e0-8413-cd61b8aa9b13;2022-10-03T19:51:00Z;114.52;114.48;114.52;114.48;533;
e6123145-9665-43e0-8413-cd61b8aa9b13;2022-10-03T19:52:00Z;114.5;114.57;114.57;114.48;1261;
e6123145-9665-43e0-8413-cd61b8aa9b13;2022-10-03T19:53:00Z;114.54;114.5;114.56;114.5;331;
e6123145-9665-43e0-8413-cd61b8aa9b13;2022-10-03T19:54:00Z;114.5;114.45;114.56;114.45;2360;
e6123145-9665-43e0-8413-cd61b8aa9b13;2022-10-03T19:55:00Z;114.46;114.52;114.53;114.46;432;
e6123145-9665-43e0-8413-cd61b8aa9b13;2022-10-03T19:56:00Z;114.46;114.46;114.51;114.42;1284;
e6123145-9665-43e0-8413-cd61b8aa9b13;2022-10-03T19:57:00Z;114.46;114.49;114.49;114.46;49;
e6123145-9665-43e0-8413-cd61b8aa9b13;2022-10-03T19:58:00Z;114.49;114.44;114.5;114.44;676;
e6123145-9665-43e0-8413-cd61b8aa9b13;2022-10-03T19:59:00Z;114.48;114.48;114.48;114.45;158;
e6123145-9665-43e0-8413-cd61b8aa9b13;2022-10-03T20:00:00Z;114.46;114.5;114.5;114.46;941;
e6123145-9665-43e0-8413-cd61b8aa9b13;2022-10-03T20:01:00Z;114.5;114.52;114.52;114.47;767;
e6123145-9665-43e0-8413-cd61b8aa9b13;2022-10-03T20:02:00Z;114.47;114.46;114.53;114.46;1333;
e6123145-9665-43e0-8413-cd61b8aa9b13;2022-10-03T20:03:00Z;114.53;114.47;114.53;114.46;237;
e6123145-9665-43e0-8413-cd61b8aa9b13;2022-10-03T20:04:00Z;114.53;114.51;114.54;114.51;168;
e6123145-9665-43e0-8413-cd61b8aa9b13;2022-10-03T20:05:00Z;114.53;114.54;114.55;114.51;1282;
e6123145-9665-43e0-8413-cd61b8aa9b13;2022-10-03T20:06:00Z;114.54;114.55;114.55;114.54;274;
e6123145-9665-43e0-8413-cd61b8aa9b13;2022-10-03T20:07:00Z;114.54;114.55;114.55;114.54;1116;
e6123145-9665-43e0-8413-cd61b8aa9b13;2022-10-03T20:08:00Z;114.55;114.55;114.55;114.54;528;
e6123145-9665-43e0-8413-cd61b8aa9b13;2022-10-03T20:09:00Z;114.55;114.54;114.55;114.54;1295;
e6123145-9665-43e0-8413-cd61b8aa9b13;2022-10-03T20:10:00Z;114.55;114.55;114.55;114.54;1734;
e6123145-9665-43e0-8413-cd61b8aa9b13;2022-10-03T20:11:00Z;114.55;114.57;114.57;114.54;1533;
e6123145-9665-43e0-8413-cd61b8aa9b13;2022-10-03T20:12:00Z;114.57;114.56;114.57;114.54;324;
e6123145-9665-43e0-8413-cd61b8aa9b13;2022-10-03T20:13:00Z;114.57;114.58;114.6;114.56;5231;
e6123145-9665-43e0-8413-cd61b8aa9b13;2022-10-03T20:14:00Z;114.59;114.6;114.6;114.55;3510;
e6123145-9665-43e0-8413-cd61b8aa9b13;2022-10-03T20:15:00Z;114.6;114.59;114.6;114.58;340;
e6123145-9665-43e0-8413-cd61b8aa9b13;2022-10-03T20:16:00Z;114.58;114.59;114.6;114.58;155;
e6123145-9665-43e0-8413-cd61b8aa9b13;2022-10-03T20:17:00Z;114.58;114.54;114.6;114.54;3398;
e6123145-9665-43e0-8413-cd61b8aa9b13;2022-10-03T20:18:00Z;114.58;114.57;114.59;114.54;109;
e6123145-9665-43e0-8413-cd61b8aa9b13;2022-10-03T20:19:00Z;114.57;114.54;114.58;114.54;33;
e6123145-9665-43e0-8413-cd61b8aa9b13;2022-10-03T20:20:00Z;114.57;114.54;114.57;114.54;15;
e6123145-9665-43e0-8413-cd61b8aa9b13;2022-10-03T20:21:00Z;114.54;114.56;114.57;114.54;1375;
e6123145-9665-43e0-8413-cd61b8aa9b13;2022-10-03T20:22:00Z;114.54;114.54;114.58;114.54;1811;
e6123145-9665-43e0-8413-cd61b8aa9b13;2022-10-03T20:23:00Z;114.56;114.56;114.57;114.56;133;
e6123145-9665-43e0-8413-cd61b8aa9b13;2022-10-03T20:24:00Z;114.56;114.54;114.57;114.54;1666;
e6123145-9665-43e0-8413-cd61b8aa9b13;2022-10-03T20:25:00Z;114.54;114.55;114.55;114.54;2329;
e6123145-9665-43e0-8413-cd61b8aa9b13;2022-10-03T20:26:00Z;114.55;114.55;114.57;114.54;1338;
e6123145-9665-43e0-8413-cd61b8aa9b13;2022-10-03T20:27:00Z;114.55;114.54;114.57;114.54;3190;
e6123145-9665-43e0-8413-cd61b8aa9b13;2022-10-03T20:28:00Z;114.54;114.55;114.55;114.51;503;
e6123145-9665-43e0-8413-cd61b8aa9b13;2022-10-03T20:29:00Z;114.51;114.5;114.51;114.44;1119;
e6123145-9665-43e0-8413-cd61b8aa9b13;2022-10-03T20:30:00Z;114.5;114.38;114.5;114.37;3320;
e6123145-9665-43e0-8413-cd61b8aa9b13;2022-10-03T20:31:00Z;114.46;114.45;114.46;114.37;450;
e6123145-9665-43e0-8413-cd61b8aa9b13;2022-10-03T20:32:00Z;114.39;114.39;114.45;114.39;241;
e6123145-9665-43e0-8413-cd61b8aa9b13;2022-10-03T20:33:00Z;114.45;114.4;114.45;114.39;726;
e6123145-9665-43e0-8413-cd61b8aa9b13;2022-10-03T20:34:00Z;114.45;114.39;114.45;114.39;309;
e6123145-9665-43e0-8413-cd61b8aa9b13;2022-10-03T20:35:00Z;114.39;114.39;114.44;114.36;541;
e6123145-9665-43e0-8413-cd61b8aa9b13;2022-10-03T20:36:00Z;114.44;114.44;114.44;114.39;166;
e6123145-9665-43e0-8413-cd61b8aa9b13;2022-10-03T20:37:00Z;114.42;114.4;114.43;114.39;156;
e6123145-9665-43e0-8413-cd61b8aa9b13;2022-10-03T20:38:00Z;114.42;114.4;114.43;114.39;310;
e6123145-9665-43e0-8413-cd61b8aa9b13;2022-10-03T20:39:00Z;114.43;114.4;114.45;114.4;1890;
e6123145-9665-43e0-8413-cd61b8aa9b13;2022-10-03T20:40:00Z;114.44;114.44;114.44;114.4;1124;
e6123145-9665-43e0-8413-cd61b8aa9b13;2022-10-03T20:41:00Z;114.41;114.39;114.44;114.39;1876;
e6123145-9665-43e0-8413-cd61b8aa9b13;2022-10-03T20:42:00Z;114.39;114.36;114.4;114.36;1238;
e6123145-9665-43e0-8413-cd61b8aa9b13;2022-10-03T20:43:00Z;114.4;114.4;114.4;114.36;2510;
e6123145-9665-43e0-8413-cd61b8aa9b13;2022-10-03T20:44:00Z;114.39;114.45;114.45;114.36;2673;
e6123145-9665-43e0-8413-cd61b8aa9b13;2022-10-03T20:45:00Z;114.45;114.45;114.45;114.37;5177;
e6123145-9665-43e0-8413-cd61b8aa9b13;2022-10-03T20:46:00Z;114.44;114.36;114.45;114.36;2763;
e6123145-9665-43e0-8413-cd61b8aa9b13;2022-10-03T20:47:00Z;114.36;114.42;114.42;114.35;985;
e6123145-9665-43e0-8413-cd61b8aa9b13;2022-10-03T20:48:00Z;114.4;114.4;114.4;114.35;768;
e6123145-9665-43e0-8413-cd61b8aa9b13;2022-10-03T20:49:00Z;114.39;114.35;114.43;114.35;2072;
